sequence,label
BAAAABAAABBBBABABAABABAABABBBAABBBBBAAAAAABBBBBBBA,B
BBAABBBAAABAABBBABBBAABBBBABAAABABABAAABBABBAAAABA,B
BBBAABABAABBBBABBAAABAAABBAAAABBAAAABABBBBABBBABBB,B
ABBBBAABBBAABAABABAAAAAABBBABABBAAAAAABABABBBABABA,A
BABAABAABBABAABABBBBBABAAAABBBBBABAABBBBBAAAABAABA,B
BBBBBBBBAABBABABBAABBBABBAABBABABAABBBAAAAAABBBAAB,B
ABBAABBAABBABABBBBABABBABABAABABBBABABBAAABAAABBAB,A
AAABBBAABBABABBAAAAABBABBABBBBBBBAABAABAABBABBBAAA,A
ABBABABABAAAAABBBBBAABAAABBBBAAAABABAAAABAABBBBBBB,A
AABBBAAAAAAAAABAAABABBAAAABBBABBBBAABBAAABBBBABABA,A
BABABBAABABAAAABBABAAAAABBBABAAABBBAABAAAAAAABABBA,B
ABAAABAAAAAAABAABBBAAAAABBAAAAAABAABBAAABAAAAAABAB,A
AAAABBBBBBBBBAABBBAABAABBBBBBAABBBBAABABBBAAAAAABA,A
AABBABBBBBABAABBBABBBAAAABBAABAABBAABBABBABBAAAAAA,A
BBBAAABBABBABABBBABABBBAABBBABABBBBBABBABABBBAAAAB,B
BBABBBBAABABABAABAAAABAAAABBAAABBBBBBABBBABBAABBBA,B
ABBBBBAABBABABAABABAABBAAABBABBAABBABAAAAABAAABBAB,A
AAAABBBABABABBABBBBAABBBBBBBAABABBAABAAABAAAABAAAB,A
BBAABAABABAAABBAAAABBBABABAAABAABBAAABABAAAABBABAA,B
BBBABBBAAAABBBBBBBABABAABBBABBBABBBAABABABAAABBABA,B
ABABBAAAABBABBABAAAABAAAABAAAAAAABBABABABBAAABAAAA,A
AABBABBBBABBABBBABABAABABBABABBBAAABABAABBABAABBBB,A
BAAAAABBAABBABBABAAAABBAAABBBBAABBBBBABABBBABBBBBB,B
ABABAAABAAABBBAABAABBBBAABAABABBABBBAAABBBAABABABB,A
AAAABBBBBBBAABBBBBABBBABBBAABAABBBABBABAABABABAAAB,A
BBABBAABAABBBBBBABBABBBAABABAAAAABBBBABAABAABBABBB,B
ABAABBBBBAABABAABABABBAAAABAAABBABBAABBBBABAABAABA,A
ABABAABAABBABABBBBBAAAABBBBBBBBBAABAAABAAABBABAABA,A
BBAAAAAABBBABBAAABBBAAAAAAAABAAABBBBBAAAABBBAABABA,B
AAAABBBBBAABABBBBBABABBAABBBBAAABBBABBBAABBBAABABA,A
AABABAABAAABAABAAABBBAABBBABABAAAAABABBABABABABABB,A
AABAAABABABBBAAAABBBBAABABBBBBBBAABBABAAAAABABBAAB,A
ABBABABBAAABAAAAABAABBBBABAAAAABABBABBBAAABABBABBB,A
BBABBBAABABABBAAAABBAABABBBBBBABAAABBABAAABAABBAAA,B
AAABBBBAABABBAAABBBBAAAAABBBABAAABAABBBBABAAABAAAA,A
BABBBAAAAAABBABBBABBBAABBBBABAAABAABAABBABAABAABBA,B
AABBBBAAABABBBBABBAAABABBAABABABABBABBAABBABABABBB,A
AABABBBABBAAAAAAAABAAAAAAABABABAABAAABABBAAAABBBBA,A
ABBABBABAAAAAAAABBBBABAAABABAABBBBBABAAABABBAAAAAB,A
BBAAAAAAABAAABBBAAAABABAABABBBBABAAABBBAAAABBBBBAB,B
BBBAAABABBBBABAAABBBABBBBBBABBBAABBAABAABBBBAAABBA,B
ABBBABBABBABBAABAAAABAABAAAAAABAABAAAAABABABBBABAB,A
BBABAAAAABBAAABBAABAAAABBAABBBAABAAAAAABBBAABBBBBB,B
BABBBBAABABABBAABBBAABBAAAAABBBAABBBBAABABABBAAABB,B
AAAABBBBABABAABBAAABBBBBABBBAAABAAABABBBBABBABBAAA,A
AAAAABABAAABBBABAABBBBBAAAABAABAAAAAABBAABABABABAA,A
BAAAAAABABAABBBBBABBBABBBBAAABABABBBABBBBBABBABAAA,B
AABAABAABAAAABBAAABBBBBBBAABAABBABBBBAAAAAABBAAAAB,A
ABBAAAABAABABAAAABABABBBBABAABAABBAAABBAAAABAAABAB,A
AAAABABAAABBBABBBBABAAAAABAAAAABABAAAABBAAAAABAABB,A
AAAAAABBBBAABAABBBBABAAAAAABABABBBBABAABABABBABBAA,A
BBABBABAABBBBBBABBBBBABAABBBAAAABAABBABBBBBBABBAAB,B
BBBABBBBBBABAAAAAABABABBAABBBBBBBBAABABAABAABABBAB,B
AAAABABBBBBAABABBBBBBBABAAAABBAABAABABAAABABBBAAAB,A
AABBBBBBBABAAABABBBBAAABAAAABABAAAAAAABBAABBABAAAA,A
BBBBBABBBBABBABABBBBAABAAABABBBBBBBBABBABBBBBBAAAB,B
BAABBAAABBABBBBABAABBBBBAABBAABBBBABAABAABBBABBBBB,B
BBBBBABBABAABAABBBBBAAAABBBABABAABAABAABABBABABAAB,B
AAAABBAABBABBBAAAABBBBABABBABBAAAABABBAABAAABABBAA,A
BABAABBBABABAAABAABAAAABBBBBABBBBBBBABBBAABAABBBAB,B
BAAAABAABBAABABAAAABAAAABBBBBBABBABABBBAAAAAAABBAA,B
ABBAABABAABAABBABABBAABABAABABBAAABAAAABAABABBAABA,A
BBAABAAAABABAABABAAAAAABABBBAAABAAAAAAABBABBABAABB,B
ABBBBBBABBBABABBAAAABABAAABABBAAAABBBAABBABBABABAB,A
BBBAABBBBABBAABBABAAAAAABAAABBABBABAABBABAABAABBBB,B
ABABAABBBAABAAAAAABBABBBBABAABBABABAABAAABBBABAAAB,A
BAAAABAAABBABAABAAAAAABAABAABAAABBBBABAAABAABAAABA,B
AABBBBBABBBAAABABBABBBAABABABBBBABABABBBABBAAABAAB,A
BBAAAABAABBBBBBBBAAAAAABABBBAAABBBABAABABBBAABBBAB,B
BBABBBABBABABAAABBAAAABABBBBBBABBBABBAAAABAAAAABAB,B
BAAABBBBAABABAABABBBBABAABBBBABAABBBBBBBAAAAABAAAB,B
AABBBAABABABABBBBBAABBBABAABBABABAABAABBBAABAAABBB,A
BBABBBAAAAABBBBABAABBABAAABAABBBBBBBABBBBBBAAAAAAB,B
ABBBBBABAABAABBABAABAAAABABABABAAABBBBBBABAABAABBA,A
BAAAABBAAAAABBBABBBABAAAAABBAAABAABABABBAABAAAAAAB,B
BBBAABBABBAAABBAAAAAAABBABAAABABBABABABBABBBAAAAAB,B
BABAABABBBAAAABAABBBBBBBBABBBBBBAAAABAABBABAABABAA,B
ABAAAAAABABBAABABBABABABAAAABBAAAAABAABABAAABBAAAB,A
BBBAABABAAABABAABBABAAAABAABAAAABAAABBBBBBAAAAAAAB,B
ABBAAABBBABAABABABABAABAABBBAAABBBAAABABBBBBBBBAAB,A
BBAAABBAAABBBABABBBAAABBBBABAABBAAAAABBBBBBAAAABAB,B
ABBBABABBABBBBBAABBBAAABBBBBAAAAABBABBABAAABABABAB,A
BBAABABBBBAABAAAABABAAABAABAAABBBAABBBABABBBBBBABA,B
BABABBBAAAAABABABBAABBBABBBAABBBABABABABAAAABBBAAB,B
AAABBAAABABBBABAAABABBBAABBBABABBBBAABAABAAABBABBB,A
AAABBBAABBBAABBABABBABBAABBABAAABABBBABAABBABAAABA,A
BABBAAABABBBABAAABBABABAABBBBAABBBBBABAAABBABAABBA,B
BABAABBBBBAABAABAAAAABAAABBAABBAABBABAAABABAAABAAA,B
BABBBABBAAABABAAAABAABBBAAAAABBBBBABAABBBBBABBABBB,B
BAAAAAABBAAABBABBABAAABBAAABABBAABBABAABABABAABABB,B
AAABABBBAABAABAABAABAABABABAABAABBBAAABBBABABABABB,A
BBABBBAAAAABBABBBAABBBABABABBBBABBABBABAABAABBABAB,B
BABBBBBAAABBBAABBBAAAAABAAABBABBBABAABBABABAABAAAB,B
AABABBAABAAAAABAABBABABAAABABBBBABAAABAAABBBBBAABB,A
ABBBAAABBAAAABBBABAAAAABAAABABBAABBBAAAABBBABAAABB,A
AAABABABBAAAABBBAABBBABABAABAABBBAABBBABBBBAAABABB,A
AAABABAAABBABABBABAAABAAAAABBABBBBBAABABAABAAABBAA,A
AABAAAABBBABAAABBBABBABBAAAAAAAAABABAAABABBBAABABB,A
AABBBBAAABBBBBBAAABAABBABAABBBBBAABAABBAAAAABABBBB,A
ABBBBAAAAABBBAABBBABABAABABBAAAAAAABBAAAAABBBBABAA,A
ABAAAAABABBABABBAAAAABAAAABBBBAAABABBABAAABBBBABBB,A
AAABBAAABABABAABBBBBBABBBAABBABABAAAABBBAAAABAABBA,A
ABABBABAABABAABBABBABAABBAABBBBABBAABBBABABBAABBAA,A
ABBBBABABBABBAABAABABBBAAAAABAAABAABBAAAAABBABBBAB,A
AABBBABAABBABBAABBAAABBAAABAABBAABBBAABAAAAAABBABB,A
BAABBABAAAAABBABABBABBABABBAABAABBBAABAAABBBBAABAA,B
BBABBABBABAABAAAABABABBBABBBBBBBBAAAABABBAABBBAABB,B
BBABBBBABBAABAAABBBBBBAABBABAAAAAABBAAAAABBABABBAA,B
BABABAAAABBBBBBBBAABBAABABABABABABBBABBABBBBAAABBB,B
AABBBABABABBAAABBBAABBAAABBAAABBBABAAABBABABAABBAA,A
ABBABAABABABABAABBABBBBBBBBBBBBBABAAAABABBBAAABABB,A
BBBABAABBAAAABAABAAAABABBBBBAABBABBBBBAAABABBBBBBA,B
ABAAABBAAABAAABABAAAABAAAAAABAABABBBABABAAABABBABB,A
BBAABBAABBBAABABBBBBBAABBABABABBBABBABBAABBAABAAAB,B
BAABABBBBBABBAABABBABBAABBBBBBBABBABAABABABABAAAAA,B
BBABAAAAABBBBABBAAABABABAABABBBABABBBABBBAABBABAAB,B
AAABBBAAAABBABAAAAAABABABAABBBBBAABBABAAAABBBABABB,A
BBBBAABBAABABBBBBAAAAABAABBBAAAAAABABAABBBBBBBBBBA,B
AABBBAAABAAAABAAABBBBAABBBBAABBAAABAAAABABAABABABB,A
ABBBAAAAAABBABBBAAABABBABABAAABAAABBBBAABAABAAAAAB,A
ABBBBABABABBBBBBBBBBBBAABABAAABBAAAAAABBBABBBBBABB,A
BAAABBBBABABBABAAAABABBBAABAAAAAAAAAAAABBAAABBBABB,B
BBAABBABAAABBBBAABBBABABBBAAABAAABBABBBBBBBABBABBA,B
BBABABAAABBABABABBBAABABABAAAABAABAAAABBBAABBBBBBA,B
BAAABBBBABAAAABABBBBBBBABBBABAAAABBBBABABBBABABAAA,B
BABBBAABAAABBAAAAABAAABABABAABBBBAABBBAAAABBBABABA,B
BABBABAAABABABBBAAAABBAAABBBABBBBBBBABABAAAABBAAAB,B
BBABABAAABAABABAABABAAAAABAABAAAABBBAAAAAABABBABAA,B
AAABBAABBABBABAAAABBAAABABAAABAAAAAABABBBBBBBBBBAA,A
BABAABABBBBBAABBBBBAAABABABAABBABAAABABABAABBBBABA,B
AABABBABBAAAAABAABAAAAABAAABAABBAAAAABABAABBBAABAA,A
ABBBBAABBABAABABBBBBABABBAABAAABAABAAAAABAAABBBBAB,A
ABABABBABBBABBBAABABBBAAAABBBABAAABABABAAAABBBBBAB,A
AABBAAAAAAABBBABABAABBBABBAABBBAABABAABABAAABBBBBB,A
BBBABABBABAAABBBABABABABAAAABBABAAABBAABAABAAABBAA,B
BAAAABBBBAAAABABBBABBABBBBBBABBBBAAAAAAABBBBBBBBBA,B
BBAAAABAAAABAABAABABAAABBABBABBAABAABAAAABABABBABA,B
ABBBBBABAABABABBBABBBABBBAAABBAAAAAABABABBABBBBBBB,A
ABBBABABBBBAAABBBBAAAABABBBAAABBBAABAABBBAABBABABB,A
ABABBAAAABBAAAAAAABAABAABBBBAABAAABBBBAABBBABABBAA,A
AAABBABAAABABBABBAAABAAABBAABBABAAAABABBAABBBAAABB,A
AABAABBBBBBAABBAAAAABBAAABAAAAABBABAAAAAAABBBABAAA,A
AABBABBBABAAAAABBABAAABAABBAAAAABAABBBBBAAAABABBBB,A
AAAAABAABABBABBAAAABBBABBABABBABBBABABBABAAABAABAA,A
BABAABBBABAAAAABBAABBBBBABAABBAABBABAAABBBBBAAABBA,B
BBAABAAAABAABAAABAAABAAABAABAAAABAAABBABBABBAAAAAB,B
BAAABABBBAABABABBBABBAABAAABAABBABABABBBBBAABBBAAA,B
AABBABBBAABBBBAABBABABABBABBABBAAABBAABBBBABBBAAAB,A
BBBBABAABABAAAABAAABAABBABAABAAABBAAABAAAAAABBBBBA,B
ABABBBBABABBAAAABBBBAAAAABBBAABBABBBABAAABBABBABAA,A
BBABBAAAAAAAABBBBBABABABABAAAABABAAABBABBBBAABAABA,B
BBAAAAAAABBAABAAAAAAAABAABAAAAAABABBBAAABABBBABABA,B
AABBABBABAAABBAAABABAAAABBBBBABAABBABBABABBAAABAAA,A
BBBBAABBBBBABABBBAAAAABAAABABBBBAAAAABABBAABBBBBBB,B
BBAABABABBBABAABAABBBBBABAAAAABABAAABAAAABBBBABABA,B
ABBBABABABBABBABBAABBBABBABBBABABBBBBABBAAABBBBAAA,A
AABABAABBBABABBBABABBABBAAABBBAAAABABAAAABAAABAABB,A
BAABABAAABBABBABBABAABABAAAABABBAAABBBAAAABBBBABBB,B
BAAABABAAAAABABBBAABBBAAABBBBBAAABAAABBAABAAAAAABB,B
BBBABABAABABABAAAAABAAAAAAABBBABBAAABABABAAABBBAAB,B
ABAABBBABBAABBABAABBBBAABBAAABBBBAABBABABAABBABABA,A
BAAABAAABBBBAAABAABBBABBABBBABBBBBBBAABAAAAABAABAB,B
AAABAABBBBABBABAAAABBBABBBBBAAABBABBAAABBBAABABBBA,A
BABBBBAAABABBAABBAAABBBABABABBBBBABBABABBBBABBAAAB,B
ABBAABBABAAAAABABAAABBAAAABAABAABAABABBABBABABBBBB,A
BAAAAAABBBBBBAAABBAAABAAABABBABABAAABABBBAAABABBBB,B
ABBABABBBABABBBABAABBAABBAAABABABBBBABAAABBAAAABAB,A
BBABBAABAABBBAABBBBBBABAABBABBAABBABBABBABBAAAABAA,B
AAAAAABAAAAABBAABAAABBAAAABBABBBBBBABAABBBBBBAAAAA,A
BAABBABAAABBABABAABAABBAABBABAABABBBBAAABABAABAABB,B
ABAABBABAAABBAABBBABBABAABABAAABABAAAABAAABBBAAABA,A
BBABBBABAAAABAAAABAAAAABABBBBBBAABAAAAABABAABBBABA,B
ABABBAABBBBBBBBAABBABBBAABBAABBAABBBBBBABBAAABBBBA,A
AAAABBBBBBAAAABABAAAABBBBAAABAABBBBBABABAABABAABBB,A
BABABABBAABABAABAABBBBAAABAAAAAABBAABABBABABBBAABB,B
AABBBBABABBABAABBBAAABBBABABBBBBBAABBBAAABABBABAAB,A
AAABABABABABBBABABBBAABBBAAABBBBABABBBABAABABAAAAB,A
ABABAAAAABAABBAABBBBABAABBBBBAAABBAAAAAABBBBABBBAB,A
BABBBBAABABABBBAAAAAABAABBBBABABBBABBAABABBABABAAB,B
ABABABAAABABBBBABABBABAAAAAABBBBBBABBBAABBAAABBBBA,A
ABBAAABBBBABBBABABBBBAABBBBBAAAABABBAAABBAABBBABBA,A
BBABBBBAAAAAAAABABBBBBBBABBBABBBBAAAABBAABBBABAABB,B
AABBBBABBBBBBABABABAAAAABAAABAAAABABBBBAAABBAAABAB,A
BBABBAABBAABAABAABBBABBAABBAAABBBABABABBBBBBAAABAA,B
AABBBABBBABBBBAAAABBBABABBAABAABAAABABBABBBAABBBAB,A
BBAABBAABABBABAABAAAABAAAAABBBABAABAAABAAABABAABAB,B
ABABBABBBABBABBBBBAAAABBBBBABABBAABABABBBBBBBAABAA,A
AABABABBAABBBAAAABABBAABBABBABAAAAABABBABAAAAAAABA,A
BAABBABAABAAABBABBBAAAABBBBBBBBAABBAAABBABABBAABBB,B
AAABAAAAABBBABBBBAAAABABBBBABAAABBAAAABAABBBAAABAB,A
BAAAABABABBBABBBBBBABAAAAABBAAABABAAAABBBBBBBBBAAA,B
BABBBAAAABBABBBABABAABBBABAAAABBBAABAAABBAAAABBBAB,B
ABBABABBABBBBABABAAAAABAAABBBBBAABBBAABBBAABAAABBA,A
ABABBAAABAABBBAAAAABBABBAAAAAABAAAABBABBBAABBABBAB,A
ABBABABABBBAABABAAABBABBBBAABBAAAAAAAABAABBAABBBAB,A
BBBABBBBABBAAAAAABBABBABBABABAAAAAABBBBABBAABBABAA,B
BAAABBAAAABBBBAABBABABBAAABBBBAAAAAAAABBBBAABABBAB,B
ABAAABBAABABAAABBABBBAAAAAAABABBAAAABAABABBBBBBAAA,A
ABBABBBAAABAAABAABAAABBBAAAABAAAABAABBABBBAAAABBBA,A
BBAABAAAABBBAAAABBAAAABAABBBAAABAAABABAABBAAAABBAB,B
BBBABABAABBBBBAAABBABABBABBBBABBBAAAABBBBAAABBABAB,B
ABBABAABAABBABBABAAABAABAABAABBABABBBABAAABAAABBBB,A
AABAABBBBAABBBABBABBABBBAABABBABABABBBBAABBABBBAAA,A
AAAAAABBBAABABABBBABABBABAABBABBAAABBBABAAAAAAAABB,A
ABBBBAABAAABABAAABABBAABBBBABBABAAABBAABAABAAAABAA,A
ABBAABBABBABBABBBBBAAAABBBAABBBAABBBABABBBBABBAABB,A
BBABBBABAABBABABBAAAABBABBBBABBBBBBBBAAABBBABABBBA,B
BBABAAABBBABAAAABBBBBBAABBAABBBBBBBBBAAAAAABBBBBBB,B
ABAAAAAAABABBABBBABAAABBBABABAAABABBABBAABBBBABBAA,A
BBABBABBBBBABBBABABBAABAAAAABBAAAAABAAABABBBABABAA,B
ABABABBBABBAAABABBBABABBAAAABBBBAAABBBAABBABABBAAA,A
ABABBBABAABABABABBBABBABBAABABBBBBBBAAAABABABBBABA,A
BBABABBAAAABAABAABABAABBABAAABABAAABAAAABABBBAAAAB,B
BBABBBBBABABBBBBBAAABBBBABBBAABBBBBBBAABABABAABBAB,B
BAAABBBAAABABABBAAABBAABBABBBABABBAABAABAAAAAABBAA,B
BABBAABBBABAAAAAABBBABAABAABBAABBABABABBAABBAAABBA,B
AABBABBAABBAAABAABBAABAAABBBABABAABAABAAABAAAAAAAA,A
AAAABBBBBAAAAAAABBAABABABABAABAAAABAAAAAABBAAAAAAA,A
ABAABABAAABAABABBBABAAABAAABBBAABBBBBBBBAABAAAABBB,A
BBAAABAAAAAABAABAABBBAAABBAAABBBAABBBAAAAAAAAABABB,B
AABABAABABBABABBBBAABAAABABBBBBAAAABABABAABBBAAABB,A
ABAAABBAABABBABBAABAAAAABBAAAABBBABABBAABBBABBBAAB,A
BABBABBBABBABBBABBABAABAAABBABAAABABBBAAAABAABBBBA,B
BBAABABAABBBAAAABABABBBAAAABBABABBABBBBBBABBABBBBB,B
ABBABAABAABAAAABBAABBABBAAABAABBAAABBBBBABABABAABB,A
AAABBBABBBBABBBAAAAABBBAAAABBABBBBABAAAAABABAAABAB,A
ABBBABABBBBABBBBBBBBBBBBBAAABABABABBAAABAAAABABAAA,A
AABBBABAAABAAAABAABAAAABAABABBBBBABAAAAABAABABAABA,A
AABABABBABBBAAAAABBAABABBABAABBBABAAAABABABABAABAA,A
BAAAAAABBBBBAAABABBBAAABAABBBAABBBBABBBAAABBAABBAA,B
BABAAABBBABBBBAABBBABBBBABBBABBBBBAABABBABAABABAAA,B
ABAAAAAABBABABBBBABBABBBABBBBBBBAAABABABABBABAABBA,A
ABAABAABBBABBBABBBABABABABBAAAAAAABBBABBBBBBABBABA,A
AAAABBABBABBBAABAAAABBBAABAAABBBAABBABABBAABBBAAAA,A
BBAABBBAABABBBBAABAABBAABBABAABBABABBAAABBBABBAABB,B
ABBAABAAABBAABBBBBBBABBBABAABBBABBBBBABAABAAAABBBB,A
BAABABAAABABBBBABABABBAABABBAABABBBBAABBABBAAAAAAB,B
BABABBAAAABBAAAABAAAAABBBBABBBABABABAAAABBABBAAAAA,B
AAAAABAABBBBBABBAAAAABABAABABABBAAABAAAABBAABABAAB,A
BBBBABBAABBAAAAABAAABABBABBBBABABBAABBBBAABABBBBAA,B
AABBBAAABABBBBBABAABBBABAAABAABABBBABBABBBBAAAABAB,A
AABBABBAAABAAAAABBABABBBBABABBBAAAABABAAABBAAAAAAA,A
ABBBBBABAAABBBABAABBBABBBAAAAAAABABBBAAAABBBABAAAB,A
ABBABBBABBBAAAAABABBABBBABABBBBAAABABBBABAABABBAAB,A
BBABBBBBBBAAABAAAAAABABABBAAAABBBBABAAABBBABABABBA,B
BAAAAABAABAABBAABAABBBBABABAABABBAAAABBBABAABAAAAA,B
AABABAAABAAABBBAAABAABAAABABBBBAAAABBBBBABAABAABAA,A
BBBBBBAABAAAAAAABAAAAABBBBAABBBBBABABBBABAAAAAAABB,B
ABAAABBBBAABAAABABABABBBAABABBABBABABAABBBBAABAABB,A
ABBAABBBBBABABAABBABAAABAAABAAABBAABAABABABAABBABB,A
AAAAABAABBAABAAABAABBAAAAAABBAAABBAABBAAABABAAABBB,A
AABBBBABABAABBABABBAAAABABBAABAABBBABABAAABBAABAAA,A
ABBAAAAAAAABAABBAAABABBABBAABABAABAAAABAABAAAAABBA,A
AABBABAAAAABAAAAAAABBAABAABAAAAAABBBBABBBABBABBAAA,A
BBAAABABAAABAABAABBABBABBABABBAABAAABBBBAABAAABBAA,B
ABAABBBBBABBBBAAAAABBBABBABAABBBBABBABAABBBABBAAAB,A
BBBBAABBBAABBBBABBBBBAAABBAAABBBBBBBBBBBBBAABAABAB,B
BBBBAAABAABBBBABBABBABBABBBBBBABABBAABBAABABBBBAAA,B
BBABAABBBBBBABBBBABAAABABAABAABBABABBBBBAABBAABBAB,B
BABABABBBBAAAAAABAAABBAABBBBBBBAABAABABABBABBBBABA,B
BABABAABAAABBBAAABBBABAABAAAABABABBBBABABAAABBBBAB,B
BABBAAABAABABAAAAAABAAAAAAABABABBAAAAAAAABAABAAABA,B
BAABBAAAAABBBABABAABBBBAAAAABBABABBAAABAABABBBABAB,B
BBBAABABBABBABBBBABABBAABAAAAAAABAABBAAAABAAABAABB,B
ABABBBBAABAABAAABAAAABAAABAABBAABBABAABBBBAABAABBB,A
ABBAAABBABBAABABBAABBABBBAABABBAABAABAAAAABBBBAABB,A
AAABABBABBBBAAAABAABBBBBABABBBABBABABBABABABAABABB,A
BAABABAAABABBBAABABABBBAABAAAAAAABBABAAABBBBBBABBB,B
AAAABBBAABBABAAABAABABBAABBABAAABBAAABBABBABBBBBBB,A
ABAABABBBBABAABABABBBBAAAABABBBAABAABAAABAABAAAABA,A
ABBAABBBBBBABBBBAAABABBBBBABAABAABBAABBBABBABBBAAA,A
BABBBBABABABBBBABAABAAAAAAAABBAAAABBBABABAABABBBBA,B
AABAAAAAABBBBBBBBBAAABABABABAAAABBAAABAAAAAAAAAABB,A
AAABBBABBAAAABBBAAAABAAABABBABBBBABAABAAABABAABBAB,A
AAAAAAAABABBAAAAAABAAAABBAABBBBAAABAAAABBBAABBAAAA,A
BABAAABAABBAABAAAAAAABAABAAAABAABAABAAABABBABBBBAA,B
BBBBAABAAABBBBBAABABBAABBAAABBBABABBBABBBABABBBBBB,B
ABABBBAAABBABABBBBBBBBABBAABBAAABBBAABAABBABABBBBA,A
BABABABBABAAAABABAABABABBABBAAABAABAABBBABBABBBBBA,B
ABBBBAABABABBBABBBABABABBABBBAABBBABAAABAABBABBABA,A
AAABBBBBABBABAAAABAABAAABBABABABBAABAAABBBBBBABBAB,A
BAABBBAABBBABABBBAAABBAAABBBBBAABBBBABBAABBBBBBBAB,B
BAAAAABBBABBAAAABBABBABABABBAABAAABAABBBABBBBBABAB,B
AABBABAABBBABBBAABAABAAAABBAABBAABABBABBABAAAAABAB,A
ABBAAAABAABAAABBABAABBAABBBBABAABBAAAAAABAABAABBBB,A
ABBAAAABBBAAAABABBABABBABAABBBAAABABBAAAABBBBBAAAA,A
AABABAAABBBABABBABABBBABBBAAAAAAAAABAABABAABABABBB,A
AAAABAABAAAAABBABBABBABAAABABBABABBBAAAABAABBABBAB,A
BAAABAABBAAABBBBBBBABBBBBBBBAABAAAABBBABABAABAAABA,B
AAAABBBBAABBAAABAAABBAABBABAAABBABBBAABBBAABAAABAA,A
BBABAABABAABAAABBAABBABAAAAABBAAABBBBBBBBBABBBBAAB,B
ABBABABBBBABAABABBBBBBAAAABBBBBBBABBABBABAABAABABB,A
ABABBABAAAABBAABBBBABAABBABABABAAAAAAABABAAABABAAB,A
BAABBABBBAAAAAAAABAABAAABBAABBAAABAAAAAAAAAAABAAAA,B
BABBAAAABABABAAABAAABABBAABBABBABABBAAABBABBAABAAA,B
ABAABAAAAAABBBABABBABAABABBAAAABAABABAAAABBBABBAAB,A
ABBBBABAAABBBBBAAABABABBAAABABABABAABABAAAAAABBBAB,A
ABBBABABAAAABBBBBBAABABBBABABABAAAAABBBAABBBBABBAB,A
BABBBAABBABABBAAAAABBABAABAAABBABBBAABBBBABBAABAAB,B
AABBAABBAABAABBBAAABBBBBBABBBAABAABBBBBBAAABBABBBA,A
AAABABABBBABBBBAABBBABBABBAABBAAAABAABAAAAAABAAABB,A
AABABABBABBABBBABAABABAAAABABABBAABAABAAAAAAABAABA,A
ABABBAABABAAABAABAAAABBBBBBAABBBAAAABBABBABABBBAAA,A
BBAAAABBAAAABBAABAAAAAAAABABAAABBABBAAAAABBABAAABB,B
BABAAAABABAABABBAAABABBABAAAABBABAAAABBBABAAABAAAB,B
BBBBABBBBAABABAAABBBBAAAABABBABABABBBBABAABBAABBAA,B
ABBBBABAAAAABAAAABABBABABAABBABABBBABAAABAAAAABBBA,A
ABBABAAAAABBBBAABABABBAAAAAAABAAABABBAABABABABABAA,A
ABAAABBBBAAAAABBBBBBABBBBBBBBBBAABBAABBBAAAABBBBAA,A
AABABAAAABABABABBABABBBBBAABABABABBBABBBAAABABAABA,A
AABBABBBABABBBBBABAABBBAABBABAAAAAABBABABBAABABABB,A
ABBAABBBBABBABBABAABBBABAABAAABBBABBBBABBBABBAAAAA,A
BBBBABAABBABBAABAAABAAAABAAAAABABBABABBBBBBBABBABB,B
BBABBBBBBBAAABBABAAABBAAAAABBABBBBAAABBBBBBBAABBAA,B
ABAAABABAABBABABBAAABBBBBAABBBBAAAABBBABBBABBABAAA,A
ABBBBABABAAAAAABAAAABAAAAAABABBABAAAAABBBABBBBAABA,A
ABABAAABBABBABBABBBBBAABABAAAAAAAAABAAAABBABABBAAA,A
BBAABBBAABABABAAABBBBAAABABAABBABABBABABBAABBBBBAB,B
BBBAABABABBBAABBBBAABBBBBBBABBABBBBAAABBBABAAAABAA,B
AAAAABBBAABAAAAAABBBBAABBBAABBBBBBBABABABAAABAAABA,A
AAAAABABBBABBAABBBABAABAABAAAAAABBABABBBBAABBBBAAA,A
BBBAABBAABBAAABAABBBBABBABBABAAABABBABAABBABABBBBA,B
AAABABBABABBABBABABBABBBABBABBAABAABABBBAAAABBABBA,A
BBAAABBAAAAAABAAAABBBBBABAABBABABAABBBAAAABBBBBAAB,B
BABBBBBABBAAABAAABBABBABBBABBBAABBBBBBBABABAABAABB,B
BABABBAABBABAABAABBABBBAABABBABBBBAAAAAABABBBAABBA,B
ABAAAABABBBBBBAABAAAAABABAABBBAAAABAABBBABBAAAABBA,A
BBBBBBBBAAABBABABBBBAAAAAABAABABBBBBAAAABBBBABBAAB,B
AABABAABBBBAAAAAAABAABBABABABBBBABBBABBABABABABBAB,A
BBBBBBABBBBABAABAABABBBABABBAABAAABBBABAABAABABBAB,B
BABBAAAAAAAABBBABABBAABABBBABBBAABBBABABAABAABAABB,B
BABABBABABBBBBAAAAAAABAAABAAAAABBABBBAABBABABBABAA,B
BABAABBBAABBBABABBBBABABBAAAAAAAABABBAAAABAABBBBBB,B
ABBABBAABABABAAABAABAAABBBABABBABBBAAABABBABBBBBAA,A
BABBBAABBABBABAABABBABAAABABAAABABBBABBBBBBBBBBAAA,B
BABBBBBABBBBBBAAAAABBAAAAABBBABAAABBABBBBAAAABBAAB,B
BABBAAAAAABBBAAABBBABBBABBBBABBBBBAABABBBABABABABB,B
BBBBBBABBABABABBBBAABABABABBBAABABBBBBBABAAAABBBBA,B
BBBABAABABBBBBBABAAAAABAAAABBABABAAAAABAABBAAABAAB,B
ABAABBBAAAABABBBABABABBBBBABAAAAABAABBBABAAABAABAB,A
AABABAAABBAABBBBBBAABAABAABBABABAAAAABBAABAAAAABBA,A
BBBBABABAAAABABAABBBABBAAAAABBBBBBABBAABAAABABAABA,B
BABBBABBBABABAAABABBBBBAAAAAABABBAABBAABBABABAABBB,B
AABBBBBABABBABBABABAAAAABAABAABBABBAAAAAABBABBABAA,A
BBAAAAAABABBBAAAAAABABABAABBAABABAAAABAAAABBABBAAA,B
AABAAAABBAABAAABABBABABAAABABAAABAAAABABBBAABABABA,A
BABAAAABBABBABBAABBAAABBABAAABBBBBABAABBABBBBABBBB,B
BBBBBAAAAAAAAABBABAABABABAABBBBBAAAAABBBABABABABBA,B
BABABABAABAAABAAAABABAAABABAABBBBBBBAABAAABBBBAABB,B
AABBABABBAAABBAABAABAAABBABABABAAAAABABAABBAABBBBB,A
ABBAAABBABABBAAABBBBBBABBBAAABBBAAABAABABABAABAAAA,A
BABAAABABABBABBAABABAABABAAABAAABAAABBABABBAAAABBA,B
BABBABBBABBBBAABAABBAAABAAAABABABBAABAABBAABBBABBB,B
ABAABAAABAAABAABBAAABAAAAAAABBBABAAABAABBAABBAAAAB,A
BBAAAAABABBBBABABABBABAAAABAABABAABAAAAAABBBABAAAB,B
AABBAAAABABBBABBBBBBBABAAABBAABBAABAAABBBBAAAAABBB,A
BBABAAABABAABAAABBABAABBBABAAAAABBBBABAABBBAAABBAB,B
AAABBABBAABBAABBABAABABBBBBBBBAABAAABAAAABAABABABA,A
BBAAABABBBBBABABBAAABBABAABAABBBABBABABBAABABABAAB,B
BBBBBBABABABAABBBBAABABBBBABAAAABBBABBABBABABBBBAA,B
BABAABABBBBAABBBAABABABBAAABAABBBABBAAAABBAABAABBB,B
BBBBAAABAABAABAABBBBBABBBBABBBAABAABABBAAABABBBBBB,B
BABABBAABAAABBBBBBBBBBABAAAAAAABABBABABBAAABBAAAAA,B
BBAAAAABAAAAABAABBBAABAABAABABABBAAABAAAABAAABAAAA,B
ABAAAABBBAABBBABBBABABABABAABBBBABBABBAABAABBBBBAB,A
ABBABABAAABABBABBBABAABBBAAAAAABABABABBABBBBBBAAAA,A
BBBAABAAAABABBBABABABBABBBABAABBBABBBAAAAAAABABABB,B
ABBBBABBBBBAABAABBAABBBABBBBBBBABABAAABABBBAAAAABB,A
BABBBABBAABAAAABBABBAAABBABBBBBBABBAAABAABBAABAABB,B
AABBABBBAAABBBBABAAABBBBBBAAABBBBBBAAAAAABBBBAABBA,A
AABBBBBBBABABBABBABBBBAABABBABABBABBBABBBBABABBABB,A
BAAABBABAAABBABBAABBAAABBBBAAAAABBABAAABBAAAABBABA,B
AABABBBAABBAAAAAABBABABABAAAAAABBBAABBBBAAABBABBBB,A
BBBBBAABBBBAAAABBAABAABAABAAAABAAAABBAAABABAAABABB,B
ABBABABBBBBABBAABAAABAABBAABBBABABBBABAAABAABABBBA,A
AABABABBABABBAAAABABABBBAABAABABAABBBBBBBBAABABAAA,A
AAABAABABAAABBABBBABBBABAAAAABAABBABBBAABBBAABAABA,A
BAABAAAAAABAABABABBABAAAABBABAABABABBBBBBBAABBBBAA,B
ABABBAAAAABBBBBAAAAAAAABABBBABAABABBABABABABABAAAA,A
ABAAABBAABAABAABBAAAAABABABAAAABABBAABAAABAAAAABBB,A
BABABBABBBABABBBBAAAABAABBBAABAABAABABBAAAABBAABAB,B
BAAAABBAAAABBABAAABAAAAABABAAABBBABAAAAABBBAAAABAB,B
AABBBBBAAABBBBAAAAABBABAABBBAAABAABABBBABBABAABABA,A
BAABBAABBBBABBABBBBBAAABABAAABAABABBBBBABBABAAABBA,B
BBABABAAABBBABBBBBBBAAAABBBAAABABBABBBBAABABBBBABA,B
BBBABABBAAABABBBAABAABAAAAAABBABBBBAABABAAAAAAABAB,B
BBBABAAABAAABBAABAABAABAAAAAAAABBBABBBAABAABBBAABB,B
BBABABABAABBBBABABBABBABAAABBBABBAABBABBABBABBAAAB,B
ABAAABAAABABABBBBAAABAAAABBAAABBABAAABAABAABBABAAB,A
ABBBBBBAAABABBBBBAAABBABABABABAAAAABBABAAABBBBBBAB,A
BAABBAAAAAABAAABBBABBABABAAAAABAAAAAABABABABABAAAB,B
BABBBAAAAAAAAAABBAABABABBAAAAABBAABABBAABBABABBABB,B
BABBABABAAABAABBAAAABBBBAABBABBBBAAAABBAABBABBBBBB,B
BBAAABABABBBAAAAABABABBABABABBAABBBAAAAAABBBBBABBA,B
BABAABBBBBAABABABBBBABBBABBBBBAAAABABBBABBBABBBABA,B
BAABBBABABAABBBBBAABBBABBBAABBABABBBBBBBAABABBBABB,B
BBBBBBAABABBBAAABBBAAAABBBBAABABABBBBBBBAAAABBABBA,B
BBAAABBBABABAABBAAAAAAAABABBAABAAAABBBBABBBABABAAA,B
ABABBBBBBBAABBBABBBABAABBABBBABAAAAAABBBBABABAAAAA,A
ABABABBBABAABBABAABAABBBABBBABBABBBBABABAABBBABBBA,A
ABBABBBBABBAAAAAAAAAABAAABAAABABBBBABAABBAABBABBAB,A
BBAAABBAAABBBAAABBABBABABAAABBBABAAABAAAAAAABABBBA,B
BBABBABBAAABAABAABBBABBABABABBAAABBBAAAABABAABAAAB,B
BBBABABABAABAAAABBAAABBAABBBAABBBBBABABABAABAABAAB,B
BBABBAABAAAABBBBBABABAABBBBAAABABABBBABBBBBBBBBBAB,B
BBABAAAABBBBBAABBABBAABAABBBAAAABBBABAABABBABBAAAA,B
BBABBBAABBABABAABBBBAABABABABBAABABBBBAABAABBABBAA,B
AAAAAABBBAABABABAAABBBBAABBBBBABAAAAAAABBBABABAABA,A
AABBBAABBABAABAABABBABABBBBBBABBABAABBBABAAABBAAAA,A
BAAABBBBBAAABBABAAAAABAAABBBABABBAAAAABBAABAABAAAA,B
BAAAAAABBABBAAAAABBBBAABABBBABABBBBAABBBABBABAABBA,B
BAAAABABABABBABABABBABABABBBBBABAAAAAAAAAAAAABBBBB,B
BAABBAAABBBAAABABAABBAABBBBABBBBBBBAAABBBAABBBAAAB,B
AAABBBBAABAAAABBAABABABABBBBBAABAABAABBBBAAAABABAA,A
AABBBBABABAABAAABBABABBBAABBBAAAAABAAABBABBBABBBBA,A
BBAAAAABAAAABBABBABAAAABABABAAAABBBAABBAABABBBAABA,B
BAAABABBBAAABAABBABBBABBBBAAAABBBABBABBAAAABBAAABA,B
AABBABAAAABBABABBBAABAAABABAABAABBABABABABBBBABBBA,A
BAAABABBBAAAAABAAAABABBABAAABBAAAABABBAABABBBABBBA,B
BBBBBABABABAABBBBBBABBBAAAAABAAAAABAAAAAABBABABBBB,B
BAAAABABBBBBABABBABAAAABAAABBBBBAAABBBBABABBABABBA,B
AABABABAABBBAAAAABABAAABBABBAABBAABAABAAABAABABAAB,A
BABBBBBBAABAAABBABBABBBAABAAABAAAAAABBBBAAABBAAAAB,B
ABBABBBBABBABBABBAABBBBBBBABBAABBABAABAAAAABBABAAA,A
BBAABBBBBABABAAABBBABABABBABAABBBBBBAABBBBBAABABAB,B
BBBAABBBBAABAAABAABAABAAAAAABBABBBABAABAABAABBAABB,B
BABBABBABAAAAABAABBABBBBBAAABABBAABBABABAABAAABABA,B
AAAAAAAAAABBAABBABABBBBBAABABAABBBAABBBAAAABAABABB,A
ABBAAAABAAABAABBBABBABBABABABBAABAABBBABABABBBABAA,A
BABABABBAABAABAAAABAABBBBBBBBAAABBABBBBABABAAAAABB,B
BAAAABBABBAAAABBBBBABBABAABAABAAAAAABBABBBBABBABBA,B
BAAABBBABAABBBBBAAAABAAAAABBBABABBBABBBAABBAABAAAA,B
BAABAAABAAAABBBABAABBABAAAABBABAAAABABBABAABABABAB,B
AAABBABBBBBABABAABBBBBBBAABBBBBBBABABBABBBBABAAAAB,A
BBABBBABABAAABBBABBBABBBABBBAABAABBBAAABBABABABAAA,B
ABBAAAAAABAAABAABBBBBBABBABAABABBBBBABBBABABAAABAA,A
BBBBBBBBBBBAABAAAAAAABBBBAAAAABAABABBBAAABABBABABB,B
BAABBBAAABAABABBABABBBBABBAABAAAABAABAAABAABBBABBA,B
BABAAAAABBAABABAAABBAABAAAAABBBBAABABAABABAABBABAA,B
ABBBBABAABBBABBBBAABABBBBABAAABABABBAABABBBAABBABA,A
BABAABABABABBBAABABAABBBBBAAAABAABBBBAABABBABAAAAB,B
ABAAAAABBBAABAABBBBBAABBBBBABBBBAAAAABBBAAABBBAAAA,A
ABBABAABBBABBBBAABBAAAAAABBABBAABBBABBABBBAAAAAABB,A
AAAAAAABAABAABBABAAAAAABBBAAAABBBABAAABABBBABBABBA,A
AABBABBBABBBBBBABABBBBBAABBAAABBABBBAABAABBBBBAABA,A
BBBAAABAAABAAABABBAABABBBAABABAABAABBABBABAAAAAABA,B
BABBBBBBBBBAABABBABBBABABAABABBABAABBBBBAABBAABAAB,B
BBBAABAAABAABBABABBAABBAAABBAAAAABABBABBABBABBBBBB,B
BAAAAAAAABBBBAAAAABABBBBABBBBAAABBABAAABBAABBABBAA,B
ABAAAAAABBBABABAAABABBBBBBAABAAABBBBAABABBAAABBBBA,A
AABBAAAABBBBABABABAAABBBBBAABABABAABAABBABABBAAAAA,A
BAAABABAAAAABBAAABBBBBBAAABAAAAAABABBAABAAABAAABBA,B
AABBBAAAABBAAAAABBABAABBAAAAAAAABBBAAAAAAABABBBABA,A
BBABAABAABAAAABBBABABBAABAAABBAABBABABBBBBBAABBBAB,B
BABBBBBBBBBBABABBBBBAAAAAAAABABBBBBAABABBBABAABBAB,B
BAAABBAAAABABBABBABBAAAAABABABBABABAAAABBBABABBBBA,B
BABBAABBBABAAABABBAAABAAAAABBBBABAAABBBBAABABBBBAB,B
AABAABBBBBBAABABBBBABBBBABABABAABABAABABBBBAAAAAAA,A
AAABBABBBBABABABAAABABABAAABAAAAABBBAABABBABBAABBA,A
BBABABBABAAAAAAAABBBABABBABABABAAAAABBBABBBBABBAAB,B
ABBBABAAABABBABABABBBBABBBAABBAABABABBABBABBABABAB,A
BBBAABAABBBBAABABBAABABBBBAAAAABBABAAABBBBBAABBBAB,B
AAAAABBBBABAAAABABBAABBBBBAAAABABBBAAAABABBABBABBA,A
ABABABABAABABAAABABAABBBAAABBBAAAAABBBBBBBBAAAABAA,A
ABABABBBABAABBAABAAAABBBBBAAAAABABABAAABBAAAABBBBB,A
AAABBBAABBABBBBABBBABBBBAAAABBAAABBABABAAAABAAAABB,A
AABABABBBAAABABBBBAABAAABABBAAAABBAABAAABBBBAABBBA,A
BAABABBBABAABAAAABAABABAABBBAAAAAAABABABAABABAAABA,B
BBBAAABBBAABAAAABBABAAAABAABAAAABABBBAABBABBBBBBBB,B
AAAABBABBBABAAAABBAAABAAAAAAAAABBABAAAABBABABABABB,A
ABBAABABBBAABABABBAABBABABABBAAABAABBABABBBBBAABAA,A
BAABAABABBAAABBABBAAABABBBAABBBAAABABAABABAAAAABBB,B
BBBABAABABBBAAAAABBAABAAAAABBBBABABABAAABBABBBAAAA,B
AABBBAAABBBABBABBBABBBBBAABBBAABABBBBBBABABABAAAAB,A
BAABBBAABBBAAABBABBABBAAAABBBBBBBABBAAABBABBAAAAAA,B
AAABAAAAABBBBBBAABBBBBAAABBBBBAAAAABBBABBAABBBBBAA,A
BBBBAABABBAAABBABBBABAABBBBBBAAABABAAABBBABBABAABB,B
AABAABAAABABABAABBBBBBBBAABAAABABBABBAAABAAABBAABA,A
AABBBBBBBBBBAABABAAAAABABBBBAAAAAABBBAABBABBABBAAB,A
BABBBABBBBBAABBABABAAABAABBBBABBBAAABBABBABBBBBBBB,B
ABABBBABABBAABAAABBBBBBABABAABABBABABBABBBABABABAA,A
AABBBABBAAABABBBBBBBAABBABABBBBBABBBBBABAABBBBAAAB,A
BBAAABBABBABAABBAABAAAAAAAAABAAABBBABBAABBBBBABABA,B
BABBBBABAAAAABABBABAAAABBABABAABBBABBBBAAABABBBABB,B
BAABABBBBBAAABAABAAABBABBBBBBAABABAAAABBBAABAAAAAA,B
AABABBAABABBBBBABAABABABBABBBBBABBAAAABBAABBBABAAB,A
AAABBBBABAABAAAAABBABABABABBAABBAABBAAABABABABBBAB,A
ABAABAAABABBBAABBBBABBBABBABBAABBAAABAABBBBAABABBB,A
BABBBBBBBBBBBBABAABBBAAABAAAABAABBABBBBBABABBBBABA,B
ABABAABAABAABBBAABBABAABBABBAAABABAABABBBAAAAABABB,A
BABBAABAABBBABABABABBBABABAABAABAABAAAABABAABBABBB,B
BBBBAAAAABBBABBABBAAAAABABBBBAAABBBBABAABBBBBAABAA,B
ABAAABBBABAAABBABBABAABBBAAABAABBBABBABBBAAAAAAABA,A
BAAABBBBABBABAAAAAAAAABABBABABAAABBABBBBABBABAAABA,B
BBAAABBABBBBAAABBBABABABABBABBABBBAABABBBAAAABBABB,B
BABABABABBBBABABBBAABBABBAABABBAABABAAAABBBBAAABBA,B
AAABABABAAAAAAAAABAABBBAAAAAABAABBAAABAABBBBBABBAB,A
ABBAABABBBBBABBBBBBAAAAAAAAABAABABBBAABBABBAAAABBB,A
BABAABABBBABAABAAAAAAABAABAABABAABAABBAAAABAABABAA,B
ABAABAABABABBAAAAAABABBABABAABABBAABAAABBAAAAABAAB,A
BAAAABBABBBAAAABAAABABBBBBBABBAABABBAABBBBBAAABBAB,B
BAAAABAAAAAAABABBBBABBAABBAAABAAABBABBABAAABABAAAB,B
BAABBBBBBABBBAABABBABABBBBABABAABBABBBBABABBBABBBA,B
ABAABBABAABBBBAABBBBABBAAAABABAABBBBAAABAABBBBBBBB,A
ABABBABBBABBAAAAABBBBAABBBBBAAAABAAAABAAABBAABABBA,A
BBAAABAABBAAAABBABBBAAAAAAABABAABABAABABAAABBAABAA,B
BBABAAAABBAAABBBBAABBBAABBBBABBAABBBAABBBBBABAABAA,B
BAAAABBAAAAAAABAAABBAABABBBBAABBAABBABBABBABBBBBBA,B
AABBBAAABBABABABBAAABBABAAAABBBAABABBAABABBAAAAAAA,A
ABBABBABBBBBBBABBBBAABBBABABBBAAABBABBBBABAABBABBA,A
BAAAABABBBAAAABBABBBBAABAAABBBAABAABAABBBAAAAAAAAA,B
ABABBAABABBBABBABBAAAAABABABBBBABAAABABAABAABBBBBB,A
ABAABBAAAAAAABABABABAAABABBAABAABAABAAABABBAABABBA,A
BAABBBBABBAAAABABBABBABAAABBAABBABAABBBBBBBBBBBABA,B
ABAABABAABBABABABBBBAABBABBAAAAABBBBBABAAAABBBBBBA,A
ABBBAAABABABBAABBBAABAABAABAABABBBBAAABABAABABABBB,A
BAAABABAABABBAAAAAAABAABBAAAAAAABAABBABABBBABAAAAA,B
AABABBABBAABBBBAAABAAABBBBBABBBAABBAABBBABBAABABBB,A
AAABBBBBAAAAAAABBABBBBBBAABBBABBBABBBBBBBABBBABAAB,A
AABABBAABAABABABAABBBBABBBBABAABABAABAAAAABAAABABB,A
BBABBABBAABBABBBBAABAABBBBBAAAABABBBAABBBBBBBBBBBA,B
AABAABBABAAABBABAAABAAAAABBABAAAAAAABABAABAAABAABB,A
BABABBBAABABABABABBAAABABBABABBAAABABABBABBBBAAAAB,B
BABABABAAABBAABAABAAABBAABBBBABBBABBBABBAAABBBABAA,B
BBAAAABAAAAAAAABBAAAAABBAABABAABBBBBBBAABABBABBAAA,B
BABABABAAABABAAABABAABBABABBBBAAAAAABAAAABABAABAAA,B
ABAAAAAAAAABABABBABAAABAAABABBABABABABBBBAAABAAABA,A
BBABBAABAAABBBAAAABBABABBAAAAABAAABABABBBABAABBAAA,B
BABBABAABBABBABAAABABABBABAAABBAAABABBBABBBABABAAB,B
AABAABBAAABBBAABAAABAABAAAAABAABABABBBAAABBAAAAABA,A
AABBBAABBBAAABBAABAABABABABBABBAABABABBBBBBABBBABA,A
BBAAABBBBBAABAAABABBAAAABBABBAAAABBABBABAAABABBBAB,B
BAAAABBAABABABABAABAAABAAABBBAAABAAABBBBABBAABABBB,B
BAAABAABAABBBBBBBBBBABABAAABBAAAAABAABBAAAABBAAABA,B
ABABAABBBAAABBABBAAAAAABABBAAAAAAAABBABBBABBABAAAB,A
ABABBABAAAAAAABBBAABABAAABBAABBAAAABBABBABBAAAAABB,A
AABBBBAABAAABBAAAABAABBBAABBAAAABABABAAAABABABABAA,A
BBBBAAABAABBABABBBBBABBAAABABABAABAAAAABBAABABBAAA,B
ABAABBBAABABBBBABAABBAAABABBAAABBABBBBBBABAABABAAA,A
AABBABAABABBAAABAABBAAAABBABABBBAABAABBABBBBAAABAA,A
BBAABABAABABBABBAABBBBAABBAABBBAAAAAAABBABABBAABAB,B
ABBAABBAAAABAABBBBBBBAABABAAABBABBBBBBBBABAABABBAB,A
BBBBBBBABAAAAAAAAABAABAABAABBAAAAAAABBBAAABBBAABAB,B
AABBABABAAAAAAAAAABABAAABABBBBABBBABBBAABBBBAABBBB,A
BBBBBAAABABAABBBBAABAABBABAABBBBABBBABBBABAAABAAAA,B
BAAAABBAABABABBBBBAAAAABABAABAABBAABBAAAAAABABBBAB,B
BAABAAAABBABAAABABABABAABBAABAAAAAABBBBABABBBBABBA,B
AAABBABBBBABABBAAABBAABABBABABABBBBBAAAAAABBAAABBB,A
BBABAAABAAAAAABBAABBAAABBBBAAABBAAAAAABBAABAABAAAB,B
AABBAABABBAABBABBBABBBBBBBAABABBABAAABABBBAABABABA,A
BAABBABBBBAABABABBABBABBBAABABAAABBABAABBAABBBBAAB,B
BAAABABABABAAAABBBBBAABABBBBBABAAAABBBBABBBABABABA,B
AABABAABBBBAAABBABBABBBABABABBABAAABBBAAABABAAABAB,A
AABAAAAABABBABAABAAABBABBBBAAAABBAABAABAABBAAABABB,A
BBAAABBBBABBBBBBABABAAABABBAABABBABBAABBBAABBBBBAA,B
BBBBBAABAABAAAABBABBBBAAABABBAAABAAAAABAAAABAABBAB,B
ABAAABBBBAAABBAAAABBAABABBBBBBAABBABBBBABABABBABBA,A
AAAABBBBBBAABBAABBBABBBAABBBAABBABABBAAABBBBBBBAAB,A
AABBBBBAAABABABABAAABAABBBAAAAAAAAABAAABAABABBBABB,A
BAAABABBAAAABABABBABBABBBBAABBBBABBBBAAAABABABBABA,B
AABBBAABBABBBABABBAAAAAAABBBBABAAABBBABABABBBABBBB,A
AAABABBBABBABABBBBBBBABBAABAABBABBAAAABBBBAAABAAAA,A
ABBBAAAABBAAAAABBBBAABBAABBBBAAABABABBAAABBABBABAB,A
BAAABAAAAABAAAABAAAAAAABAABAAABBAABABABABAAABAABAA,B
ABAABAABAABAABABAAABBBBAAABABABBBBBABBBAABABAABAAA,A
BBBAABBABBBBBABBBBBAABABABBAABABBBAABABAABBAAABAAA,B
ABBBBBAAABABABABABBBABABBBBAABABAABAAAAAABAAAAAABB,A
BBAABBABBABABBBBBBABBAABABBABBAABAABBABBAABBABABAB,B
AAAAABBBABABAAABBBAAAABBAAAABABBABABAABBBAABAABAAB,A
AAAAAABBAAAABAABABABBAAAABABBABBBBBAAAAAAABBABBBAA,A
ABABABBAAABAABBAABBBABBAABBBBBBABABBABBABABABBBAAB,A
AABAAAABABBBABABAAABAAAAABBBBAABBBBBAAAAABBBBABBBB,A
AABBBABBABABABAAAAABBBBBBABBBBBBABABABAABBBAABAAAA,A
BAAAAAAABBBABBBBBAAABBAAABABAABABBBAAAABABBAABBBBA,B
AABAAAAAAABABAAAABABABBBAAABBBAABBABAABBAABAAAAABA,A
BAAABAABBBABAABBABABBBBBAAAABAABAAAABAABABBBABABBA,B
BBABBBBBAAAABBAAABBAAAAABBABAAAABBBAABBBBBBBBBAABA,B
BBBBBAABAAABBBABAAABBABAABABABABABABABBAABAABBBABB,B
BBBBBBBAAAAABAAABAABAABABABBBABABAABBAABAABBAABBAA,B
ABAAABBABBBAABABAABAAABAABBBBBBBABAAAABBBBBBABABAB,A
BABBAABABAAAABBAABAABBBBABABABAAAAAAABAAAAAABABABA,B
AABBBAAAAAAAAABAABBAAABABAABAABAAABBABBABBBBABBABB,A
AAAABBABAAABABBBBBABAABBBAAABBBBABBBBBBBAABBABBAAB,A
BBABBABBBBAABBBABABBABBBBABBAABBABAABAAABBAAABABBA,B
BAABBBABABABAABBAAAABBABBBAABAAAABBAABBBBBBABBABBB,B
AAABAAABBBBBABBBBABABBBABBABBABBAAAABBBBBBBBBBABAB,A
ABABBBABAAABAAAABABBBABAABAABABAAAAABBBBAAABAAABBB,A
BBBBABAABBABABAAAABABBAAAAABBBBBABBBABBBBAABABAABB,B
BBBBBABAAABABAAAABBABBBBBBABAAABABAABABAAABBBAAAAB,B
ABBAAAAABABAAAAABAABABAABABBABABAABABABBABABBBBBBA,A
ABBBABBBBBABABAABABBAAABBABBAAABAAABAAABBABBAAABBB,A
BBAAABBAABABBABBABAABABBABAAAABAABAAABABAABABBBBBA,B
BAAAABBABABABBBBAAABABBAABBABBABAAABABBBABABBBABAB,B
AAABABBAABABABABBAAAABABAAABAABABABBBAAABAABBABBAB,A
AABABABBAAAABBABAAAAAAABBBABABAAABAAABBABBAAABAAAB,A
ABBAAAABBAABAABABABAAABBBABAAABBBABAABABABAAABBBAA,A
BBBBABBBBBABABAABABBAAABABAABBBBAAABABABAAABBBAABB,B
ABABABABBBAAABAABBBBAABAAAABAABBAABBBAABABAABAAAAA,A
BABAABABAAAAABABBABBAABAAAABBAABABBBBBAAABBBBAABBB,B
BAAAAAAABAABBAABBBABBBAABBAABBBBBBABAAABBAABAAABAA,B
BAABBAAAABBBAAAAABBBBBBAABBAAABBAAAABBABABAABABABA,B
AABBBBAAABBABBBBBAAAABAAAABBBBAABAABABAABAABABABBB,A
BBBBAABBABBBBBABABABBBBAABABABAAAAAAABAAAABABBBABB,B
AABBAABAAABABBAAABAAAABBAAAABABBBBBAAABBAABAAAABAA,A
ABAAAAAABBAAABAABABABBBABABABBAABBBABABBBBBABAABBA,A
AABBAAABAABBBBABBAABBBBBBAABAABBBBBAABBBAAABAABAAA,A
BAAABBBABBAABABAABBBBABBAABBAAAABBABBABABBBABBABAB,B
BBAABBABBAABBBAABBAAAAABBBABAAAAABAAAABBBAABBABABB,B
BAABBBAAABABBABBAAABBAAAAABBAAABBBABABBBAAAAAABBAA,B
AAABAABBBABABABBBBBABBBBAAABABAABABBBAAAABABAABAAB,A
BABBAAABABBAAAABBBBABBBBBBBBBAABABBBBABAABBBBBBBBB,B
BABABAAABBAAAAAABBBBBAAAAAAABBBBABBBAABAAABABBABAA,B
BAABBBAAAAABBBABBABABAABAAABAAABBABABAAABBAAABABAA,B
BBBBBABABBBBBBBBAAAAAAABAAAAAABBABABAAABBBAABBABAA,B
ABBAABBBABABBBBBAAAAABBABABBBBBAABBBBABBABBBBAAAAB,A
BBAABABBBBBBAABABBABABABABBBAABBAAAABAAABBABBBBABA,B
BABBABAAABAABAAABABBBBBAABBAABBBABBBBABAABBAAAABAB,B
ABBBBABBABABBABBABBABAABBABABABAAABBBBABBAABABBAAA,A
BABABAAABBBAAABABBBAABBAAAABBBABBBABAAAABBABBBABAA,B
BBBABBBBBBAAABBBABABBABAAAAAAAABABAABBBABBBBABAAAB,B
ABBBBABBBAABBBAABABABABABBBBABABAAAAABABBAABBAAABB,A
BABBBAAAAAABAABBAAAABAABBAAABBBBBAAAABBBBAAAABAABA,B
ABBAAAAABAABAAAABABAAABABABAAABAABABBBBBABBBBAABAA,A
AAABAABBABABBBBAABAAAAAABAABBBABBAABABAABBBAABBABA,A
BBBABBABBBBBBAAABAAAABBBABBABBAAAABABBBBABBBAAAABA,B
BBBBBBABABAABBBBABABABABBBABBABBBAAAABAAAAAABABABA,B
ABAAAABAAABBAABBABBBABBBBBBAAABBBBBBAABBBAAABABBAA,A
BBABBABAAABBAABABBABBABAABBAAABABAABABBBBBABAABBBB,B
ABAAAAABBABABBABABAAABAABBABBBBABBBABBAAAABBAABAAB,A
BAABABAAAABABAAABAABBBBABABABBAABABBABABBBBBBAAAAB,B
BBAABBBBBAABBABBBABBBBBABBAAAAAAABBAABAABAABABAABA,B
AAAABBABBAABBBBBBAABBBABAAAABABABBBBBBBAABBBBAAAAB,A
BAABBBAABABBAABAAABABBABAAAABBBABABBBABBABBBBABBBB,B
ABAAABBABAAABBABBABBABABBABBBBABABAAABABBBAAABAAAB,A
AAABABAAABABBABBBAAABBBAABAAABBABBBBABAABBABAAAABA,A
BBBAAAAABAAAABBBAABBABAABBBBBBAABAAAAAAABAABABAABB,B
BBBBAABBABABBBBBAAAABABBAABABABBABAAAABABAABBAABAB,B
AABBAABABBABABBAABBAABABBAAABABBBABBBBABABBABABABA,A
BABBAAAAAABAAAABBAAAABBBABBBABAABABABBABAAAABBBABA,B
AABABAABBABBBABABBBBBBABBBAABABBBABABBBBBBABBAAABA,A
AABAABBABABAABBAAAAAABABABAABABABAABAABABAABBBAAAA,A
AABABAAABABABBBBAABABAABABAABBAABABBABBBABAABBBBBB,A
ABAABABAAAABBAAABBBAABAABABABABBABBAAABBBAAAABBABA,A
ABAAABBAAAABAAABBBABAAABAAAABBAAABBABABBBBAAABBBBB,A
AABAAABABBABBBABABABABABABABAAAAAAABABABABABABAAAB,A
AABAAAABBBAAABABBAAAABABABAABAABBBBABBAAABABBAABAA,A
BAAABABABBAAABBBABAABBAAAAAAAABABAAAABBBAABABBBBBB,B
ABABBBABBBBABAABBBBBAAABAAABAAABBABABAAAABBBABBABB,A
AAAAABBBABABABBABABBAAAABBAABBBABAABABAAAAAABAAAAB,A
BBBABAAABBABBABBABABBBABBABBABAAAAAABBABBBBBAABAAA,B
BAAABAABABBBBBAABAABBBBBBBAAABABABABBABBABBBABBABA,B
BAABBAABBBBAAAAAABBABABAABBAAABBBABABBBBAABBAABBBB,B
BABAABBAABBABAABBBABBBBABAABBBABBBBAAABBAAAAABBBAB,B
ABBBBBABABBBBABBBABBBBABBABBBABAAAAAAABABABABAABAA,A
BBABABABAAABABBBBBBAABBBABAABBAABBABBABABAABABAAAB,B
BAAABABAABBBABABBBBBBAABBAABABABABABABBABAABAABABA,B
AABBBABBABBBABAAABABABAAAABABBABABABABAABBBBAABAAB,A
BBAABABBBBABAABABBABBBAABAABBABBBAAABABAAAAABBABAB,B
BABAABABBBBBBABABBBAAABAAABABABAAAABBAAABABAABAAAB,B
AAABABAAABABBBAAABABABBAABBBABABBBBBBBAABABBBBBABA,A
ABAABABAAAAAABBBAABBABAABBAAAABBBBBBABAABABBBABABB,A
AAAAABAAAABAAAAABBABBAABBAAABAABBAAAABABAAABBBABBA,A
BBABBABBAABBBAABBAABAABABAAABABBAABBBAABBABBBABABA,B
BAAABABBBBAAAAAABAABABBAAAAABBABAABAAABAAAAAABAABA,B
BAAABBBABBABBAAABAAABBAAABBBABABAABABABABBBABBABBB,B
AABBBBBAAAAABBABBAABABBABBAABABAABBBABBAAAAAABABAB,A
BABBBBAABABABBBBABABABAAABBBBBABBABBAAABAABAAABBAA,B
BBBBBABAABBAAABABABAAAAAABAAAABBAAABABAAAABABAABBA,B
BBBAABAABBBBBABBAAABAAABBABBBAAAABBABBABBABABBAAAA,B
ABABBBBAAAAABBBBBBABABABBABAAAABBAABABABAABAABBBAA,A
AAAAAABAABABAABAABBABABAAAABABBAABBAAAABABBBBAAABB,A
ABABBABBABBBBBAABABBABAAAABABBABABBAAAAABBAABABAAA,A
BBBBABAAAAABBAABBBAAAABAABBAABBABBBAABAABBBABABBAA,B
AABAABABBAAAABABBBAABABBBAABBBABBABBBBAAAAAAAABABB,A
ABAAABBAABAABBBBBBAAABABBAABBABABABAABAAAABABBBBBB,A
AABBBBAAABBAAAAABAAABAABAABBBABBAABABBABAAAAABBBBA,A
ABAAAAABABBABABBBBABABBABAAABABBABBBBBAABBBAAAABAB,A
BAAAAABAABAABABBABABBBBAABBABAABAABBAAAAAAABBBBAAB,B
BBABAAABBBBBBBAAABABBBBBBBAABAAABAAABAABBBBBAABABA,B
BBAAABBABABBAABBBBAABAAAAABBAAABABBBABBBABAABABABA,B
BBBABBAABBBBABAAABBAABBBBAABBAAAABABABAABAABBABAAB,B
AAAABAABAAAABABABBBBAABBABAABABBBAAABABBBBABBABBAA,A
BABBAABBBBAAAAAABBABAABBABABBBAAAABAAABABBBABAABAA,B
AABAABBBAAAABBAAABBBBABBABBBABABBABBAAABBAAAABBBAB,A
AABABBAAABBBBAAABAABABBBBABABBBBBBAABBBBAABBBBABBA,A
BABBBAABBBBBBAABAAAAAABBBAAAAAABAABBABABBAABBABBAA,B
AABBABBBAABAABBABABABABAABBABBAABAABBBAABAABBBABBB,A
ABAAABBBBABABABBABBBAABBABBABAABAAABBBBABBBBBAAAAB,A
AAABABBBBABBBBBAABBBBBBBAABABBBABAABBABBAAAABBABBB,A
BABBBAABAAAAABABAABAAAAABBBBBBBBBABBABABABBBBBBAAA,B
BAAABBBABABABAAAABAABBABABAAABBAABAAAABABABBBBBAAA,B
ABBBBBBABBBBAAAAABBAABAABBBBAABAAABBAABAAABAABBBBA,A
BAABABBBABBAAABAABAAABABBBBABBAABBABBAAAAABBBBAABA,B
BBABAAABBABAAABBBABAAABBBAAABABAABAABABBAABBAAABBB,B
BAAAABAAAAABBABBBAAAABABBABBAABAAABBBABABABABABBAA,B
ABBBBAABAAABABABAABABABBBBBBBBBBBABABAAABBBAAABABA,A
AABBAAAABABAAAABBABBABAABAABABABAABBAABBBABAABAAAB,A
BAABBABABBAAAABABAABBBBAABBAAABAABAAAAABBABAAAABBA,B
BBABABBBBAABBBABBABAABABABAAAAAABBAAAAAABBBABAABAA,B
BBABABABAABAAAABABABBBBABAABBABBABAAABBBAABABAABBB,B
ABABBBABBBBBBBAAAABABABBBBAABBAAABABBAAAAABAABBAAB,A
AAAABBBAABAAAAABABABAABBABBBABABAABBBBABBABAABABBB,A
BAAAAABABAAAAABBBAAAABABBABBBABBABBBAABBABABAABBBA,B
BABAABBAABAAABBAABBBABAAAABBABBBABBBABBABBBBBBABBB,B
BAABAABAABAAABBBAAABBBAABBBAABBABBBABBBBBAAAABBABB,B
BABABBAABAAABAABBABBABBBBBAAAAABBAAAABAAAABAABAABB,B
BBBAAAAAABAABBABAAAABAAAAAAAABBBAABBABABAABBAABAAA,B
AABABAABAABBBBABAAAAAAAABBBABBABBBBABAABBABABAABBA,A
ABAABBBBABBBABABBABBBBAAABBBBAAABABBBAABAAABABBAAA,A
ABAABBBAABAAABAAAABBBBBBBABBABBBAABBABBBBABAAABABA,A
BBABAAAAAABBBBBAABABBAABABBABBAABBABBABBABABAABAAA,B
AAAABBAAABBBBBBAAAAAAAAAAAAAAAAABAAABABAABBAAABAAB,A
BBABAABAABBAABBAAABBBBABAABAAAABBBBAAAAAABBBABBBBA,B
BAABAABAAAAABBABAABBAAABBBBBABAABBABBABBBABBABABAA,B
BABBABBBABBABAABABBAABABBBABBAAAABAAAABBBBABBABAAA,B
BAABABBBABAAAAAAABAAAAABBBAAAAABBAAABAABAAAABAAAAA,B
ABBBBABABBBABAAAABBAAAAABBBAABABABBBBABBABAAABBAAA,A
AABAAABABABAAABAABBBBABBBABBBBABABAABABABBBBBAAABA,A
BAABBABAABABBABBABABABBBABABAABBBBBABAAAAAABBBBBAA,B
ABABAAABBAAABAABBBAABABABBBBBAAABABAAAAABABAAAABAA,A
BABBBBBABBABABBABAAABBBBABBBAAABABBBAAAAABAABBAAAB,B
ABAAAAABBBBBBBAAAABAAAABBAAABBAAABAAAAABBBBAABABBB,A
AABABBBBAABAABAABBAAAAABAAAAABABBBBBABABABABBABBAA,A
ABBBABAABBBAABBBAABBBAABBAAAABBABBBAABBABABBABBBBB,A
ABABBABABAAAAABABBBABBABABBAABBABBABBBABAABBABAAAA,A
AABBAABBBAABBABBAAABBABAABBBAAAABBABAAAAAAABBAABBA,A
BAABBABBBABAAABBBAABAABABBBBBBABBABBABAABBBAABBABB,B
BABBBABBAAAAABABBABBBBABBBBBAABBABBAAABAAAABBBAAAA,B
BABBBABBBABBBABBBBABBABABAABBAAAAAAABABAABABBAABAA,B
ABBAAAAABAABBBABAAAAAABABBBBBAABABBAAAAABBBAABAAAA,A
BBAAABABBABABBABBAAAABBBAABABBABBBBAAAAABBBBBABABA,B
BBABBBAAAABABABABABAAABBABAAAAAAABABAABABBBBAABABA,B
BAAABBBBBABAABBBABABBBAABAAAAAABBABBBBAAAABBAABAAB,B
ABBAABBABABBBBBBABABBBBABABABABBBBABAAABAAABAABBAB,A
BBBABBBAABABBBBBBBAABAAAABBABBAABBBBAABBBBAABBBABB,B
BBAAABBAAAABAABBAABBABBAAABABBAAAABABBABBAAABABBBB,B
AAABAAABABAABAABBAAABBBAABABBAAAAAABABBAABAABAAAAB,A
AAAABABAAABABBBAAABBBBAABAAABBBBBABABBAABAABABABAA,A
BBAAAAAAABBAABBBBBBBBBBABBAABABBABBBAABBBBBAABBAAB,B
BAABBABBBBBBAABBBAABABABBABABABAAABAABBABABBBBABAB,B
AABBBBBBBAAABBAAAAABBBBAAAABBABBABABAAAAABBBAAABBB,A
ABABBAABBBABABAAAABBBBAABABBBBAABBABAAAABBBABABBAB,A
AABBBABBBABBBAABABBABAAAABBAAABBABAABBBBBAAABBBBBB,A
BBBBBABBAAAAAABAABABBAABBABBABBAABBABABAABBABAABAA,B
ABBBABBBBABBAABBABBBBABBAAAABBBBABAABBBAAABBBABABB,A
AAABABBABBAABBAABBAABBAABAAAABAABBBAABAABBAABABBAA,A
BAAABBAABAABBBBBAABABABAAABBAAABABBAAAAABBBBBBAABA,B
ABABBABAAAABBAAABAABABBBABABBABBBAABAAABBBAABABBAA,A
BBBBAAABABBAAABABBBBABBAAABBBBAAAABBBBBBABBBBBBBAB,B
AAAABAAAAAABABBBBAAABBBBBBBAAAAAABAABBBABAABBAABBA,A
BABAABBABABBBAAAABBBAABAABBABBBABBBABBBABABAABABBB,B
ABAAAABAABABBBBBABBBAAAAAABABABBAABAABBBABABAAABAA,A
AABBABABBABBAABBABBBBAAAAAAABAABAABBAAAABBBAAAAABA,A
AABAAAABABBBBABAAABAABAAAAABABAABAABAAAABBBAABABAA,A
ABBBABBABBBBABAAABBBAAAABABABBAAAAAABBBBAAAABAABBA,A
AABAAABAABBABABBBBBBABAAAABAAABABABBBBBBBBABBBABAA,A
BABAABBBBBBAABBBBBBBAAAABAABBBBABAABABBBBABAABBAAB,B
BABABBAABBBABABBABAABBBABBAAABBBBAAAABBABBBAABABBA,B
AABABBABABBABBBABAABBBABABBBBABBABBAABBBBBBBABBBAA,A
BABBABBBAAABAABAAABAAAABBAABABAABABABAABAABBAAABBB,B
ABBBABBBABBBBABBABBAAABBBBBABBBBAABABABBAAAAABABAB,A
BBBBABABAAAAABBBBABBBABABABBAABABAABBAAAABBBBABBAB,B
AAABBBBBAABABBBABBBBBBBABAAAAAABAABAABBBBAABABBAAA,A
ABBAAABBBBBBABAAAABBBBBBBAABABBAABBABAABAABAABBBAA,A
AAAAAAABABBBBBABBBBAAAABAAABABBBABBABBABBBBBBBAABB,A
BAAABBABBBAAABBBBBAAAABAAABAAAABAAAABAABABABAAABBA,B
AAAAAAABBBAABBBAAAABBABAABBBABAAABBBAAAABAABBBBBBB,A
BBBAAABAABBBBAABAAABABBBABAABBBABABBABABBABABBBAAB,B
ABABABAABABBBAABABABBBBAAAABABABBABBBABAABBBBABAAA,A
ABBBBAAAAAABABAABBAABABABABBBBAAAAABBABBABBBABABAA,A
BABBBAAABABBBAAAAABBAABBBABABAABAAAAAABBBAAAAABBAB,B
BBBBABBABABABAABABBBAABABABABABBBBBAAAAABABBAABBBA,B
BBABBABABABBBBABABABABABBAABBBBBAABAABBBBBBBBAABBB,B
BBAABBABAABBABABAAAAAABABABABBAAABABBBABBABABBBBAA,B
ABBBABABABABBBAABBAAAABABBAABAABABBABBAABBBABAAAAA,A
AAABAAABBBABAABABBBBAAAABBBBBAABBBBAAABBBBAABABBBB,A
BAAABABBAABAAAAABABAABAAABBBBABBBAAABABBBBAABBBBAB,B
AABAAABBAAAABBABAABAABBAAABBBBABABAABABAABABAABBBB,A
AAAAABBBABAAAAAAABBABABBBABBABABBABBAAABAAAABBBABA,A
ABBABBBABBAABBBABBABBBBABBBBAAAAABBABABABABBBAABAA,A
ABABBABBAAAAABAABBBBABABBBAABBBBAABABBAAABABBAAABA,A
BAABABBABBABBBBABABBBBBABBAABBBAAAABAABABAABBBBAAA,B
AABBBAAABAABBABBBBAABABABBABBABBBABBAAABAAABBBBBAA,A
BAAAAAAABAAABAABBAAABABAABABAAAABBAABBAABABABABBAA,B
ABABABBABBABABAABABBBABBAAAAABABBBABBABBAABBABBBAA,A
BAABBBAAABBBABBAAABBABABBBBBABAABBABAABBAABBBBBBBB,B
BABAAABAAABBBBAAAAABBBBBABBAAABBABBABABBAABBABBAAA,B
AAABAAABBAABAAABABBBBBABBBAABABBAABBABBABAAAABBBAB,A
BBABABBBAABAABABABAAABBBBBABABBBAAAAABBBABBBABAABB,B
AABABBABBBBABAAABBBBBAABABBBBBBAAAAABBBBAAABABBAAB,A
ABAABAAABBABBABAAAAABBABBABBAABBBABBBABAAAABAAABBB,A
BBBBABBBAABBAABBAAABABABBAABBABABBBABBBAAABBBABAAB,B
AABABBAAABBABABABABBAABBBAABBBABBBABABBABBABABBBAA,A
BABABAAAABABAAAABABBBABAABABBBAABBABBABAABAAABAAAA,B
BBAABAAAABBBAAABABBBBBAAABAABBBABABBBBBAAAABBBBABA,B
AABBBBBBBBBAABAABBBAAAABBBBABAAABABBBAAABAABABBAAA,A
ABBAABABBBBAAABBABBBBABBAABABBBBAABABAABAABAABABBA,A
AABBBAABAABBAAAABBAAABABBAABBBAAABBBBBABAABABBABBB,A
AABBBABBBAABBBBBBAAABAAAABBABBBBABAABABBABBBABBAAA,A
BABABBBBABBBABABBABBBBABBBAABABABBBAABBBABAAABABAA,B
BABABABBBBABBBBABABBABABBBBABBABABBABBAABABBAAABBB,B
BABBBBABAABABBABAAABAABBABBBBBBAAABAAABAABBABBBBAB,B
ABAABBAAAAAABAABBABABBABBBBBAAABABBABBBABBBAABAAAA,A
BBBABBAABABBBBABAABBBBBBBBABBABAAABAABABBABBABAABB,B
ABBABAABAAABABABBABABABAAAAAAABABBAABBBAABABAABAAA,A
ABABABBAABABBABAAABABBABBBAABBAABAABABAABBBBABBAAA,A
ABBAABBABBBAAABBBABBBAAAABBAAAABAAAAAAABBBABBABAAA,A
AAAAAABBBAABAABABBBBBBABBBABAABABBBAABAAAABBBABAAB,A
ABAAABBAAAAABAAAAABABBBBAAABBBAAAAAABAAAAAAABBAAAA,A
BBBABBBAAAAABABABBBABBBAAABAAAAAAAABBBAABBBABBBAAB,B
AABBBBBAABABAAABAAABAAAABABAABBAAAABBBABAABABAABAA,A
BABBBAAAAAABBBBBABABBBAAABAAAABABBBBABBBBABBABAABA,B
BBBBAAAABABBABAABAABABBAAAAAABBBABAAABBBAABBABBABB,B
BABAABBBABBBABABBABBBBABBABBBABAAAABBABBBABBAAAABA,B
ABAABAABBBAABABBBBAABBAABBBABAABBABBAAABAAABBAABAB,A
BAAABAAABBAABABAAAABABBABABBAABBBBAABABBABABAAABAA,B
AABAAAAABAAABBAAAABAAABAABBBBAABBAABBBAABBBAAABBBA,A
AABBAABABAAAABAAABBBBBBAAAAABAABBBBBBABBABABBBBBAB,A
ABABABBBABBAAABABBBBBBBABABABBAABABABABBBBAABAABBA,A
BBBBBABBBBBAAAABBABABBBBBBBBBBBAABBABBAABBAABBBBBA,B
AABBAAABBBABBBAABBBBBABABBBBABABBBAAAAAAABBBAAAABB,A
ABBAAABBAAABAAAAABAAABAAABABAABABAAAAABBBBBAAAAABA,A
BAABAABAAABAABBAAABBBAAABABABBBBBABBABBBBABBAABAAA,B
AABAAABABAABBABAAAABABAAABAABBAABAABAABBBABBABBBBA,A
AABBABAAABABBBBBBABBAAABABBBABBABAAAABAABBABABBAAA,A
BBBBABABBBBAABAABABBBAABABBABAABBBBBBBABABAABABABB,B
AAABBAABBAABBABBBBBABAAABAABBBABAABAAABABBBBABBBBA,A
BABABABAAABBBBABBBBAABAAAABAAAAABABBABAAABABBBABAB,B
AAABBAABBAAAAAABAABAAABBBBBABAABBBABBBAABABBABBABB,A
ABABBAAABBAABBABBABAABAAABBBBAABBAABABBAABAAAABAAA,A
BBBAABBBBBBABBBBAAABABBBABABBAAAAAAABAAAAAAAABBAAA,B
ABAABAABAAAABABABAAABAABBBBABAAABABBABABBBBBBBABBB,A
BBBBAABBBBABABAABAAAABBBBBBBAAAAABBBABBABABBBABABB,B
ABABABAABABABBAABBBBAABAABABBABABBABBBBABBBAABBBBB,A
BABABABAAABBABBBABBABBBAAAABAABBBBBBABABABBBBAAAAA,B
AABBABBBBABBBABBABABABBBBBAABBABABAABBBABBBBBBBBBB,A
AABAABBABBABBAAABAABAABAABBAABBBBBBABABBBBBABABBAA,A
BBABBABABABAABABABAAAABBABAABABBAAAAABAAABBBAAAAAB,B
ABAAAABBAAABABABBAABABBBBBBBBABABBBAABBAAAABAAAABB,A
AABBBBBBBBBBAAABBBAAABBABBAAAAAAAABABABABBAAABBBBB,A
BBABABBABAABBABBAAABABABBAABBBBBABABBBABBBBABBBBBA,B
ABBABBBBBBABABABBAAAAAAABABBAABAAAAABBABABAAAABBAB,A
ABBAAAABABBBAAAABBABAABBBBBABBBBAABBBBAAAABABAABBA,A
ABBAAAAAABBAABABABABAABAAAAABABAABABABBBBABBABBBAA,A
ABBBAABBBBBAAABAAAAABABAAAABABAAABABABAABAABBAAAAA,A
AAAAABBABBAAABABBABABABBABBBABBBAABABBABBAABBBBAAA,A
ABABBAAABBAABBBBAABBBBBABABBBBABBBAAAAABABBBABBABB,A
BBAABBBBBBABBAAAAABAAABBBABBABAAAAABABBBBAAABAAABA,B
AAABABAABBABABBAAAAABBABBAAABAABABBBBBBBBAAAABAAAB,A
BAABAAABAABBBBAAABBABABBBBAAAAABABABBAAAABAABAAABA,B
AAAABBBAAABAABABAAABBAABABBBBBABBABBABBABBBABBABAB,A
AABBBBABABBAABBAAABBAAABABBBBBABBBBBABAAAABABABAAB,A
AAABABAABBBBBAAABAAAAABABBABABABAAAABAABBBAABABAAA,A
BBBAABABAABABBBAAABBABBBBAAAAABABBABBBAABABABBBAAA,B
AAABAABBAAABBBAABAABAABBBABBBBAABABBABABABAAABABAA,A
BAAAAABAAABABBAABABBABAAABAABBBBAABBABBAAABBAAABBB,B
ABABBBAABAABAABBAAABAAAAABBBABABBABBAAABAABBBBBBAA,A
BAABBAAABBABBBAAABAABAABABAABAABBAABBABBBBABBBAAAB,B
BAAABAAAAAABAABABAAAABBBBAAAABABBBBABAABABBAAAAAAA,B
BABBAAAABBBBABBBBAAAABBABBABBBAAABBAABBABAAAAAAAAA,B
BABABBBBBBBABBBBABAABBAABBBBAABABBBAABBAAABABBBBAB,B
ABAAAAABAABAAAAABBBBABBAABAABAABBBABABBBBAABAAAABB,A
BBABABBBBAAABBBBABBBBAABAAAABBBABABAAAAAAAAABABABB,B
BBABBABBAABABABAABBBAABBBABAABAAABBBAABAAABAABAAAA,B
ABBBBBBBABAAAAAAAAABAAAAAABBBABAAABABABAABABABABBA,A
ABBBBBBBBBBAAAABAAABBBAABAAABAABBABBAAAAABBABAABAB,A
AABBABBAABBBBAABABBBBABABBBBBBABAABAAABBABABBAABAA,A
AAABABBBBAABAAABABBAAAAAAABBAAAABBBBABBBAABBBAABAA,A
AABBBAAAABBBABAABAAABBAABAAAAAAAAABAABBBAABBABABAA,A
BBBBABABBBAABABABAABBBAABABABBBAABBBBBABAABAABBBAB,B
ABBBAAABAAABABBAAAAABABBBAABAAABBABABBBAABABABAAAB,A
ABAABAAAABBAAAABAABBABBBBABBAAAABBAAAAAABAAAAAABAA,A
AAABBAAAABBBBBBBABBBABABAAAAAAAABABABBBBBBABBAAABB,A
AABAABBBAAABBAABAAAAAABBABAAABAABBBBBBAABABBBAAABB,A
ABABBBBBBAABAAAAABBAAAABBBBAABBABBBAAAABABABAABAAB,A
BABBABBABABBABBAAABBAABBAABBABAAAABBBBBAAAAABAAAAA,B
BBBBBBABBABBABABBABBBAABABAABBBABABBABAAABAABBBABB,B
AABBABABABABBAABBABAABBBBBBABAABAAAABABAAABAABBABA,A
AAABBAABBABAAABAABABBBBBBBABAABAABBBABABABBBAABBAB,A
ABAAAABAABAAAABBBABBBBABBABABBBABABBBABABBBBBBBAAA,A
BABABABBABABAABBAAAABBABBAABABABAAAAABAAAABAABABAA,B
ABAABBBBBBBABABBBAABBBBBABBAAABBABABAAABBABAABBBAB,A
BAABBAAABABABAABAAAABBBABAABABABAAABBBBAABBBBAABAB,B
AABAAAABBBBAAABABAABBBAABABABBABABBAABAABABBABABAB,A
BBBBAABABBAAAAABABAABAAAABBBABBABABBABAABBABBBABAB,B
BABBBBABBBBBABBABBBBAAABABBABBBAAABBABABAAABBBBBBA,B
AAAABAABBBAAABAAABBBABABAAAAABAAAABBBBABBAAAABABAB,A
BABBBBAABBBAABABABBBBABABBBAAABBBABABBABAABBABBABB,B
BABABABAABBBABBBAAAABBABBBBAABABABBBBABABAAABABABB,B
ABBAAAABBABBBAAABABBBABBABBAABAABBBAABABBBBABBBBAB,A
ABAABBABBAABABABABBABAAAABBBABAAABABAAABBABAABBBBB,A
BBABABBBBBBBBBABABABBBAABAAAAAAAABAABAABBBBBBBABAA,B
AABBABAAABBABAABBAABABBABABAAAAAAAABABABAABAAAABAB,A
BBAAAAABBABAABABABBBAABABABABABBAABBBAABAAABAAABBA,B
ABAABBABAAABBABABBAABBABAABAAAABABBBBBBABAABBABBAB,A
ABBAABABABBBABAABABBBAAABAABBBABABAABBBBBBBAABAABB,A
AABBAABBABABBAABAAABBBBBBBBBBABBABBABBBBABABABBAAB,A
ABBBBABAABBAAABBAAABAAAABBBAABBABBABABAAAAAABBAAAB,A
ABAAABBBABBAAABBABABABBABBBBBAAAABBABABAAABBBBABBA,A
BBBABBBAAAAAABBBBABAAAABBABAAABAABBABBBBABABBBBABA,B
ABBABABBBBAAABBAAABBABBBBAABAAAAABBABBAAABBABBAABB,A
ABABBBBBABAABAABBBBBAABABBABBABAABAABAABBABBBAAABA,A
BBBAAABBABBBABBAAAABBABBBBABABBABBAABAAAAAABABBABA,B
BBBABBBAAAAAABABAABBBBBBAAABABBABBABABAAAABBAAABBA,B
ABBBBBBBABBBABBBBBABAABABAAABAAAABBABBBABBBBABBAAB,A
AABBAAABBBAAAABAAAAABAABABABBABBBAABABBBBBBAAABAAB,A
ABBBABAABAABBBBAABABABABBBBABAABABABABAAABABBBABBA,A
BBABBBBBABABAAAABBBAABBBBABBBAABBAAAABBABBABBABABB,B
AABAABABAAAAAABBBABAABABAAABBBBAAABABBBAAABBABAABB,A
BABABBBABBBBBABBBABABBBABAAAABAAABBBAABABBBABBBAAB,B
ABBAAAAABBABAABAAAAABAABBBAAAAAAAABBABAAABBABBAAAA,A
ABABAABBAAABBAAABABBBAAABAABBBAABABABBBBBAAAAABBAB,A
ABBBAAABAAABAAAAAABBABBAAAAAAAABABABBAAAABBBBBBBAB,A
AAAAABAABAABABBABBBABABABBABBBBAAAAAABBABAABBBBBAA,A
BBAABBAABBBAABBBABAABAABBBAAABAAABBBAABBABBAAABABB,B
ABBBAABBAABBAAAAAABBBBBABAAABABABAAABBABBBBABBBABA,A
ABAAABBBBAAABAABBBBABBAABAABBABAABABBBBBBBAABBABBB,A
ABABAAABBBAABBBBBBBBAABBBBBABBAABABBABBBAABBABBAAA,A
BBBBBAABBBBBBAABABBAABBBAABBBBBAABAAABBBBABBABABBB,B
BBABBBABBABAABAAABBAAABBBABBABABAABAABBBBBBABBAAAA,B
ABAAABBBAAAAABAAABABBABBBABAABBABAAAABABABABABBABB,A
AABABBABAABBABAAAAABABABBBBBAABBBABAABAABABBBAAAAA,A
BABBBABBBAABBAAABAABBBAAAABAAAAAAABABBAABABBABBABA,B
AAABBAAABABBBAABBABBABABBABBAABAAAAABABABBBBAABAAB,A
BABBBAABABBBBAAAABBAAABBABABABBAAABAABBAABBABAAABA,B
AABBBAAAAABAABBAAABBBAAABBAABBABAABABBABAAABBBAABA,A
BAAAABAABBBAAAAABABBABBBBABBBBABBBBAABBBBBBBBABAAA,B
BABBBBBAABBBABABBBBBABBABAABABABBBABBBBAABBBBAAAAB,B
BABBAAAAABAABAABBABBABAAAAABBAAABBBBBBBBBBAAAABBBA,B
BAABABABBBBAABBABBBAABAAABABBABABABAAAAAAAAABBABBA,B
ABABABBBBBBBABAAABABBAAABBBBABBBBBAABBBBAABABABBAB,A
AABAABBAAAAAABABBABBBABBABBBABABBBBAABABAABBABABAB,A
ABAABAABAAAABBAABABBBBBABAAAAABBBBBAAAABBBABBBBBAA,A
ABBABBAABABABAAAABABBABBAAABBBABBABABBAAAAAAABAABA,A
BAAAABAABABBAAABABBABABAABBAAABABABBBBBBABABAABAAA,B
AAABBABBBABBBAAAAAABAABAAABBABBAABBBAAABBBBABBBBBA,A
BABBAAAAABABBAAAABAABABABABBBABBABABBAABBAABBABAAA,B
BAAAAABBAABBAABAABABAABAAAAAAABBBAAABBBAAABBAABABB,B
BBBBBBBBAAAAAAABBBBAABBAABBAABAABBBBBABAABBBAABBBA,B
BABAABBBAAAABAAABBABBBBBABBBAAABAAABBAAAABAAABABAB,B
BAABABAABABAAABBBBABBAAABAAAABBAAABABBABBBAABBBABA,B
ABBBBABAAAABBBAAAAAAAAAAAABAABBAABBABABABABAABBBAA,A
BBABBAABBAAABBBAABAAABAABBBAAAAABAAABBAAABABBBBBBB,B
BABBBABAABBABAAABBBABBBABAAAAABABBBBABBABBBABBAABA,B
ABAAABABBBBAABBABBBAAABAAABBBABBAABABAABAABABBBAAB,A
AABABBBBBBBAAAAAAABBAAABAABBAABAABBAABAAABBABABBBB,A
AAAABBAAAAAAABBABBBBBABABAAAAABBBBBBBAAAABBBBAAAAA,A
BAABAAAAAABABABAABAAABBBBBBAAAAABBABBAAAAABBBAAABB,B
BAABAAABAAAAAAABBBAAABAAABABAABBBAABBBBBAAAAAAAABB,B
ABBBBBBABBABBBBAAAAAABAABBABBBABBAABBABBAABBBBBBAA,A
AAAABBBBABABBABBBABABAAAAAABBBABABABBBBABABABABABB,A
BBABABABBAABAABABBBBBAAABABBABBBABABAABBABAABABBBA,B
ABAABBBBAABABBABBBABBABABBABAAABBABBBBBBAABBABBABA,A
BAABAAABAAAAAAABAAABBABAAABAAAABABABBBBABBBABBBABA,B
ABAABABAAAAABBBBBABAABBBBBBAABBAABABABBAABABABAABA,A
BBBBAABABBBAAAABABAAABBABBAABABAABABABAABBAABABBBA,B
AAABAABAAABAABAAAABBBABABBAABBAAABBBAABAABABAAAABB,A
BAABAABAABBABABAAABBBBBAABABBAAABBBBBABBAABBABBAAB,B
AABBAABABAAABBBAAAAAAAAAAABAAAABBBABBAABBBABBABBBB,A
BAAAABBBABAAAABAABBBBABBAAABBABBBAABBAABABABABBABA,B
ABBABBBBABAAAAAABBBAAABABAAABBBBBBBBAAABBAABABBBBB,A
AABAABBABBBBAABBAAABBBABAAAAABBABABABBBBAAAAAABBAA,A
ABBBAAAABAABBBBABABBAABAABABABBABBAABBABAAABBBBBBA,A
BBAABAABAABAAABABBAAABBBAAAAAABABABABBABBBABAABBAB,B
AABABABABAABAABBABBBAAABABBBABAAABBBABBABAABBBBBAB,A
BAAAAABBBABAAABAABBBBABABAABAAABBBBBBABBAABBAAABAB,B
BBABABBAAABABBBABAAABABBBAAABBBBBABBABBAABBBAAABBB,B
ABBBBABBBBBAABAABAABBBABABABBBAABAAABAABABBBBAAAAA,A
BAAABAABBBBBABBBAAABAABABBBAAABABABABABAABAAABBAAB,B
ABBBAABBBABAAABAABBAAAAAAAAAABAAABBBBABABBBAABABAA,A
BBAAAAAAAAAABAABBBBABABBAABABABBABABAABABAAAAAAAAB,B
BBAABBBAAABBBBBBBBBBBAABABBBBBAAABAAAABBBAABBABBAB,B
BABBBBAABAAAAAABAAAABBABABABBBBABAAABAAAAABABBBBAA,B
BABABAABABBBBBBBAAABBBBBABBBABBAAABBBBBABBBAAAAABB,B
BAAAABAAAABBABBBBAABAABBABBAABBAAABBABAAAABAABAABB,B
ABAABBBAABBAAABBAABAABABAAABABBBABBAABBAABBBBABAAA,A
BBABBAAAAAAABAABBAABABBBABBBAAAAABBBAABBABBABAAABA,B
BBAAAABAAAABAAABBAABABBABABAABBBAABBABABABBAABABBB,B
BABBAABBABBBBAAAABBABAABAAAABAABBAAAAABBABAAABABAA,B
ABBABABBBBBABABBBBABABBAABBBABBBBABAAABAAABABAAABB,A
BBBABABBBBABBBBABBAABABAABAAAABBABBAAABABBABAAABBA,B
AABAAABBAABAAAAAAAABAAABBBBAABBAABABABAAABABBBBBBA,A
BBAABBBBABBAABAABABBABAABABBBBABAABBABBAAABBBBBABA,B
ABBABAABABBAAAAABBBABABBABBBBBAABAAABABBBABABBAAAA,A
BBBBBAABBABBBABBBABAABBABABAABBABBAABABAABAABBAABA,B
BBBBAABAAAABAAAAABBABBABABBBAAAABBAABAABABABAABBAA,B
AAAAABBBABBAABABAAABABABBBABBBAAABBBABBABAABBABABB,A
BABBAAABAABABABABAAABAABBBBBABABAABBBBABBBBBAAAAAB,B
BABAAAABBABBBABABBAABBBAABBBBABABAAAAAABBBBBBABABA,B
AAAABABAABBBABAAAAAABAABBBAABBABABABABABBBBBABABBA,A
AAAABABBBAABAAAABBABBBBBAABBBABABAABBABBABBBAAAAAA,A
ABABBABABBABBBBABBAABBAABBBAABBABBABBBBBBBBAABAAAA,A
ABABBAAAAAAAAABABABBABBAABAAAABABAAABBAABAABAABABA,A
BBBABBBABBAABBBBAAABBAAAABABAABAABAAABBAABABABAABB,B
ABBBBBBABBBABBABABAABAABBBABAAABABBAABBBABBBBABBAA,A
AABBBAAAABBBBBAABBBBBAABABBAAABAABBAAAAAABBBAAABAB,A
AABBAABAABBBBBBBBAAABAABAABBABBABABBAABAAAAAABABBB,A
BBABBABBABABBBBBBAABBAABABAAABAABBAABAAABABAABBBBB,B
BAAABBBABAABBABBABABBBBAAAABBBAAABBAABAABBAAAAAAAB,B
AAAAABBBAAABABBBAABABAAABAAAAAABBABAAABAAAABBABBBB,A
BABBABBAABBABABBBBBAABBBABBAABAABAAAAABAABBBBABBAA,B
BBABBAABBBBBABBAABABABBABAAAAAABBABAABBBBABAAABBBA,B
BABBABBAABBBBABBAAABABABBABABAABAABABBAAAAABAAABBA,B
ABAABAAABBABABAAAABBBBBABBAABABABABAAAAABBBBAABBBA,A
BABBAABBBABABABAABBAABBBBAAAAAAAAABAAABBAAABBAABAA,B
BAAABAABABBBAAABBBAAAABBBBAABAABBBAABAABAABBBAAAAB,B
BABBBBAABAABABAAABBABABBBAABBABBBBBAABABABAAABBABB,B
ABAAAAABBABBBAAABABAAABABABBBABABBBAABBAABBABBAAAA,A
BABBBABAAABBBABBBBBBBAAABABBAAAABBAABABBBAAAAAABAB,B
AABBBBBABBAABBBABAAAAAAAABBBBBBBABBAAAAABBAABABBAB,A
AABABAABBBABAABBAAABAAAAABBABBABBBABBBBBBBBAABBBAA,A
BABBABBBABBAABBABAAABABABAABABBBAABABBABBBBBAAAAAB,B
ABABBAAABAABBBBBBBBABABAAAAAAABAABBBABBABAAABAAABA,A
AABABABBBAAABAAABBAABBBABABBBABABABBBBBBBABBBABBBA,A
AABBBBBBABABAABABBBABABBBBAABBBBBAAAAAAAAAAAAABAAB,A
ABAAABBBABBAAABABABABAAAAABAAABABAAABAABBABAAAABBB,A
AABBBABABBABAAAAAABBAABABABBBBAABBABBBABAAABBABAAA,A
ABBAAABBBBAAABBBABBABABBAABBABBABAAABAABBBBAABBBAA,A
BABABABBABABBAABBBABAABBABBBAAABAABAAAABBBAAABAABB,B
BABAAABAAAAABABABABBBABBAABAABABBAABABABAAABBBBBBB,B
BBABABABABBAABBBAABBBBBAAABABBBBBAAABAAABBBAABAABB,B
AAABBAAABABAAAABBABABABBBBABABABBBAABAABABABAABBBA,A
BBAAAABBBAABABAAABAAABAAAABAAAABBABAABBAABBAABBAAA,B
BAAABABBBABBBBBBABBABBBABBAABBBBAABAABAABABAAABAAA,B
BABBBBBAAAABABBBAAABBABAABBAAAABAAABBABBBBABBABBAA,B
BABBBAABBABAAABAAABABBAAAABABABABBBBBBBBBBABAABAAA,B
AAAAABBBBBBABABBBBBAABABABABABBAABBABABBBABAABAAAB,A
BBABABAABABABBBBBBABABBBABABABBAAAAABAAAAAAAAAABBB,B
BBAABABBBABABAAAABABAABAABABBBBAABAAAAABABBBBABAAA,B
ABBBBBBABBBBBABBBABABBBBBBABABBAAABBBBAABAAABAAAAA,A
BABBBBABAAAABABABABAABAABAAABBABABABAAABBAABAABABB,B
BBBAABBABABBBABBBBABBABBBAAABAAABAAAAAABABBBBABBAB,B
BAABBABABABBBBAABBBBBBAAABABABABBBBABABAABBBBABBBB,B
AAAABBBABAAABAABAABAABABABBABBABBABBBBABABAAAAABAB,A
BBABABBBAAABAAAAABABAAAABAABBBABABAABAAAAABBBBAAAA,B
BBBAAABBBABABABAAABBBABAAAABABAAABBBABAABBAABAAAAB,B
ABABBBAABBABAAAAAABABAAABAABBBBBBBABABBAAABAABAABB,A
ABBABBBBAAAABBABBBAABBAABBABAAAABAAABBBABBBBAAAABB,A
AAAAAAABAABAABAABBABBBAABBAAAAAABAAABABBBBAABBABAB,A
ABBABABBBBBBAAABABBBBBBABAAAABBAAAAAAAABBBAABBABBB,A
ABBBBBABBABABAABBAABABBAABAAAAAABAAABAAAABABBAAABA,A
AABBAABBAABBABAABBBBABAAABAAAABAAAAAAABAAAABABBABA,A
BAAABAAABBBBBBAAAAAAABABBBAABBBBABABABAABAAABBBAAB,B
BBBAAAABAABBBBBABABABBABBBBAABABAAAAABBABBBAABBAAB,B
BBAAABBBAABABBBAABBABABABBABABAAABBBBAAAABBBBBBBAB,B
BABBBAAABAAAAABABBAAAAABBABBBBAABABABBBABBAAABABAB,B
BABAABBABABBBABAABAAABBBAAAABBABBBBBABAABBBABAAABA,B
BAABBBAAABAABBBBABBAAAAABBAAABBBBBBBABBAABBBBABABB,B
BBBBABABABABBBAAABBABBBBABBAAABBBABAAAABABABABBABA,B
ABABBBABABAAAABABBBBABAABBBABABBBAAAABAABAABABAABA,A
BABAABBABBBBAAABAAABABBAABBBBBBAAABBAABAAAAAABBBAB,B
BABBBBBAABAAABAAAAABBBBAABAABAABBABAAABBAABABAABBA,B
BBBBABABABAAABAABAABBAABAAABBBAABBABBBBABBAABABABA,B
BAAABBAAABAAABABBABBBBBBAABBAAAABBBBBBBABBAABAAAAB,B
AABBBAAABBBBBBBBAAAABABBBBBABBBBABBBABBABABBAAABBA,A
AAAAABBBABBAAAAABABABBABABBBBABBAAABBAABAAABABAAAA,A
BBBAAAABBABBAAABAABABAABAAABBAAABAAAABAABABBAAABAA,B
BBAAAABBABABABABAAABBAABAABBABBBABABABAABAAAAAABBA,B
BAAAAAAAAABBBBBABBBAAAAAABABAABABABAAABAABAABABBBB,B
ABBABBBBBAAABAABABBBABAABAAABABABBAAAAABBBBABBBAAB,A
BBBBABAABAABABABBBBBBAAAABBBABBBBAAAABBABBBBABBBAB,B
ABBBBBAAAAAAAABABBBBBBABBBABABAAAAAABABAAAAABAAAAA,A
BBAAAAAABAAAAAAABABBABAABBBABABBBBAAABBABAAABAAABB,B
BAAABABBABAABBBBBBBBBBBBBBAAABAAAABBBAAABABAAAAAAA,B
BAAABAABABAAABABAAABBAABBBAAABBBAAABABAAABBBAAABBA,B
BAABAAAABBBBAAABABBBBBABBBBAABBABABABABAABBAAAABAA,B
AABBBABBABABABBABBABABABAABABAABBBBBABBBAAAAAAAAAA,A
BBAAABBBBBAAAAABBBBABABAAABBBBAABBBAAAAABABABBAAAA,B
AABABAABBBAABABAABBAABBBBBAAABABABBAAABBAABBBBABAB,A
ABAAABABBABABABBBAABBABAABABAAAABAAAABAABABBABABAA,A
BBBBBAAAAABABABBABABAABABBABBBAAAAAAABABAABBBABBAA,B
BBBABABBBAABABBBBBAABBBAABBBAAABAABAAAABBBBBBBBABA,B
BBBBAABBBAABBAAABAAABBBAABAAAABAABABABAAABBBAAAAAB,B
AAAABBAAABBBABBBABBBAABBBAABAABABAABBBABABABABABBA,A
BBBBBBBBAAABABABBAAAAAAAABBAAAAABBABBBAABBABABBAAA,B
AABAAAABABAABBBAABBAABBABBABABBAAAABAAABAAABAABABB,A
BBAAABAAABBABBAABBBAAABABABBAABABABBABBAAAAAABABAA,B
ABABBBABBBAABAABABAAABBBBBBBAAABABBBBAAABABABBABAA,A
BABBABBBABABBAABABABAABBBBABABABBABABAABABBBBABBBB,B
BABABABBBAAABBABBBABBABBBAABAABAABAAAAABBBBBBABABB,B
BBABBABABAABBBBABBABBAAAABBBBABBBBBBBAAAAAAABBAABA,B
ABAABAABBBABBABAABBAAAABBABBBBABAAAAAAABBABAABABAA,A
BAAAAABABAAABABBBBBAABBAABAABBBBBAAAABABABABBBABBA,B
ABABBBBABBABBAABAABABABABBABBBBABBBBAAABABAAAAAABB,A
BAABAABBBBABBBAAABBAAAABABBBBAAABAABBBBBBABABBAAAB,B
ABBAABAABABABBBBBABAAAAABBBAABBBBAABABBAAAABAAABBA,A
BBABABABABBAABABAAAABAAABBAAAAABBAAABBBABBBAAABABA,B
AAABBABBBAAABBBBBAABAAAABABABAAABAAABABBBBBAABABBB,A
ABBBAABBBAABAABBBAAABBBBAABBBABBAAAAABBABABBBAABAA,A
AAAABABBBBBBBBBABBAAAAABBBBABBAAAABAAABBBAABAAAABA,A
AABBBAAAAABABAABBAAABBBBAAAABAAAAABBAAABBABBBABABB,A
AABBBBABBABAAAABAAAAABABBBABABABAABBABBBABABBABBAA,A
BBBABBBAABBBABABBBAAAAAABAAABABBAAAABAAAABBBABBBBA,B
BBBBBAAABAABABABBAAAAAAAAAABABBBAABAABAABAAAABABBA,B
ABBABAABBBBBAABBABABABBBBBABABAABABAABABAAAAABAABB,A
BBBBABAAABABABBBBAABBBABABBBABABAABABBBBBAABBABBAA,B
ABBABABABAAABAABABABAABAABBBABAAABBBAABABBABAABBBA,A
BABAABBBAABABBBAAABABBBBBAABABBBABAABAAABBBABAABBA,B
AABBBAAAAAABBABBBAAAAAABBBABBABAABBAABBABABBAAAAAA,A
AABBABBBBAAAABBBBAAAAAAABABABABBABABAAABBBBBBBBAAA,A
ABBBAABBAAABAAAABBBBAABABBAAABAABABBBBAABABBBAABAA,A
BBAAAABAABBABABAAABAAABBBBAAABABAABBABAABAABAAABBA,B
ABABAABABBBAAAABABABAAAAABBABAAABBABBAAAABBBABBAAB,A
BABAABBABAABBABBBBABBAAABABBABABBAABABABBBBBABABBA,B
BBAABBABBBBBBABAABBBAABAAAAAAAABAAAABBABAABAAABBBA,B
ABBBBBABBBABBBBAABBBBABBBAAABABABBAAABBAAABBBBBBAA,A
BAABBBAAAAABBABBBBBBBBBBBBBBAAABBABBBABAAABBBBAAAB,B
BABAAAABBAABABBBAABBBAAAABBBABAABBABABABAAAAAABAAB,B
AABBBAAABBABBBBABABBBABBABAABABAABBBBABBBBAABABBBB,A
BBBBBABAAAAAABABBABBABABABAAABABBBBABBAABAABAABABA,B
ABAAABABABABBBABABABBABAABBABAAABABBBAAAABBABBAAAB,A
BBBAABBBABBAABAABBABABBAABABABBABBBABBABBBBBBABBAB,B
BABABABAAAAABABBABABABAABBABAABBAABAAABBBBBBBABAAA,B
BBABABBBBBBBAAAABBABAABABBABBAAABBBABAAAABBBBAAABA,B
BBBAABBABABBAAABBABBABABABABAAABBBAABAAABABAAAABAA,B
BBABBBBBBBBBBABAAAABAABABABABBAABBBAABAAAABBABABAA,B
ABAABBBAABBAAAABBBABBBAAABABABBBAAAAABABABBAABABAA,A
BAAAABABBBABABBBBBAAAAABAABABBBAABABABAABAABBABAAB,B
BBABBAAABBBAAABBBBBABAAABBBBAABAABABABABBBABAAABAA,B
ABBBABBAABBBABABAABBAABAABBABABBABAABBBABABAAABABB,A
BABAAAABBABBAAABABABAAAABAABBBAABBBBABBAAABABABBAB,B
BBABABAABBABABBBBAAAAAAABABABAAAAABABBBAABAABBABBA,B
ABABBABAABBABAAABBABBABAABABABAABBBAAAAABBAAABBBAB,A
BAABBBBAABAAABAAAABBBABBABBABAAABBBBAABBABBBBBABBA,B
AAAABAAAAAABAABABBAABBBBABBAAAABBBABBBABBBBAABBABA,A
AABBBBABAAAABABABBBAABAAABABAABABBBABBBBABBABBBBAA,A
BBAABABABBBAAABBBAAAAABABBBAAABAAABABBABBBAABBBBAB,B
BABBAAABAAABBBBAABBAABBBABAABAABBAABAAABBBBBAAAABB,B
BABAAABBBAAABAABAAAABAAAABBBBAABBAABAABBABAAABBAAA,B
BBABABABAAABBBAABAABBABAABABABBABBABABABBBAAABABBA,B
BBABABBAABABBBAABABBABAAAAABAABABABBABBAABBAAAABBB,B
ABAAABABBABAABBABBBAABBABAABABABABBAAAAABBBBABBBAB,A
BBBBAAAABBBBBAAAAABBAAABBBBBAABABBABBBAAAABBBABABB,B
AABBABABABAAABBAAABBBAABBBAAABAABABBABAAAAAABABAAA,A
AABBABAABBBAAAAAABBAABBABABBAAABBAAAABBAABAABABBAB,A
BBBABBABBAAABBABBBABBBBBBBAAAAABBBBAABBAABBABAAABA,B
BABBAAABABAAAABABAABBAAABBABABBBBBBABABBBBBABABABA,B
BAAAAAAAAABBAAAAAAAAABBAABBBABABBABBAABABBBABBAABB,B
ABAAABAAABABAABAABBBBABBABABABAAABBBABABABABABBBBB,A
BBBBBABBAABBABABABAABABAAAAABABABABBAABAABABBABBAA,B
ABAABBABBABBAAABBAAAABAAABABAAAABABAABBBBBAAABABAB,A
AAAABBAABABBBABAAABAAAABBBBBAAABBABAABAAAABABBAABB,A
BABBBAAAAAAAAABAABAAABAABBBBAAAAAABBBABABBBABBBBBB,B
ABBBBBBBBBAAABABAAAAABBAAABBABBBAAABABAABBABAABABA,A
ABBAAABAAAABABBABABAAAABBBABBBBBAABABBBBAABBAABAAB,A
BABBBBBAABBBABBAAAAABABBBBBABBBBAABABBBBBABBBABBAB,B
BBBBABABBAAABAAABBABAAAAAABABAAABABAABAABBAABAAABB,B
AAABBBBAAAABBBBBAAABBAAAABAABBABBBAABBABABABBBBABB,A
BAAAABAAABAAABBAAABBBABAAAABBAABBABABBBABABAAABAAA,B
AABBAAAABAABBBBABABBAABBAAABBAAAABAABABBBBBBBAABAA,A
ABBBABAAAAAABABABABBBBAABAAABAAAABBBBBBAABBBBAAAAB,A
ABBBAABBBAABABAAAABABABAAABBAAABBBBABBBBBBBBBBAABB,A
ABBBBAABABBBAABBABAAAABBBBABBAABABABBAAABBBBBABBBB,A
AAAABABBAABBAABAABBABABBAABABABAAABBABBBAABBBBBABA,A
AABAABBABAABAABABBBBAABBBBBBBBBAABABBBBAAAAAABAABB,A
ABAAABBABBBABAAAABABBAABBABBBAABAABABBAAABBABABBAA,A
AAABBAABBABBBABAABAABAABBAABAABBAABAABBAAAABABABBA,A
BAABAAABBABBBAAAABABAAABABAAABBBBBAABABABAAABABBAB,B
ABAAAABBAAAABBAABBBBAAABBBBBABBBAABAABAABAABABBABA,A
ABBBAAAAAAAABBAAAABBAAAAABBABBBAAABBAABAABAAABABBB,A
ABBAAABAABBABAABBAABBABAABBAABAABAAABABBBAAABBAAAA,A
BABAABAABAABABAAABBBBBBAABBABBABABBBAAAABBBABBBAAA,B
BBAAABABAAABAAAABBAAAABBBBABBAAAABBBABABBABBABABAA,B
AABBBBABABBBBBBAAAAAABAABBBBBABBAAAAABBBABABAABAAA,A
ABBAAABBABBABAABABABBBBAAAABBBBBABABABAABBAABBBABA,A
BBABBAABABAAAAABAAAAABBBABBABABABBBAABBBAAAAABBAAB,B
AABBAABBABAAAABBAABBABBBABBBBBAABBAAAAABAABABAABBA,A
BABABAABAABABBBBAABBBABAABBBBBABABAABABBBBBAABAABA,B
AABBAABBBAABAABBAABBABBABABAABAABBBBBBABAABBBBBAAA,A
ABAAAABAABABABABABBBBBBABBAABABBBBBBBABBAAAABBAABA,A
BAAAABBAAAABAAAAABAAAABBAABAAAAABAABBBBABBBBABBBBA,B
BBBBAABABBAAAABABBBABBABABAABABABABBBABAAAAAAAAABA,B
AAABBBBBAABBABAABBAAAABAABBAABAAAAABBBABBBBBBAAABA,A
ABAAABBBABBBAAABBABAAABBABBBBBBAAABAAAAAAABBAABBBB,A
BAAABABBBBAABBABBAAAABBBAAAAABBAAAABAAAABBABABBAAA,B
AAABBBAABBBBBBAAAABAAAAABBBABBBABAAABABBAAABABABBA,A
ABBBBAABBABABBBBABABAAAAAAAAABBAABABAABAAAAAABABAA,A
BBBBAABBABBBABBBBABBAABABABBBABBABBABBABBAAAAABAAA,B
AABABAABBBABAAABAAABBABBBBBAABABBAAAAABBABBAABAABA,A
BBBAAAABBABBBBAAAABBAABAABBAAAAABBABABABAABBBBBBAB,B
ABBABBBAABBABBBABBBBABBAABAAABABBBAAABBBBBABAAABBA,A
ABBBABBAAAAABBABBAABBBBAABAAABAAAAABABBABABAABAABB,A
AAAABAABABAAABBABBBBABBBAABBAABABBBBAABABABABBBAAB,A
AABAAABBABBBAABBAABBABBABBBABAAABBABBBBAAABAABABBB,A
ABBAAABBAAAABAAAAAAAABBBABAABBBAABBBBAABBAAABAAAAB,A
ABAAAABABBBABBABAABABABBABAAABBBBBBBBAABBABBBBAABA,A
BBABBABBBABBAAABAABBBAAAABBAAABBBAABABAAAABAAAABAB,B
AABABAAAAAAABBAABBBABBAAAAAABBBAAABBBBBAAABABBBAAA,A
BABBABBBBBAAAABAAABABAABBBBBBBAAAAABBABAAABBBABABA,B
BAAAAAAABABABAABBBAABAABBBAABAAAAAAAABAABAAABBBAAB,B
AAAABABABABBAAABBAABABBBBAAABAAABBAAAABABABBBABABB,A
AABAABABBBBBABBBBABBBABBBBABABBABABAABBBAAAABABBAB,A
ABBBBBBABAABAAABABBAAAABBABAAAAABBBAABAABABAABABBA,A
AABBBBBABABBAABBAABBABABBAABBABBBBBBABABBABAABAAAB,A
ABBAAABABBAABBBABAABBBABBBBBBAABAAABBBABBABAAABABB,A
BAAABBBBAABBAABABBBAABAAAAABBBAAABABABABBBABABBABB,B
ABAABBBAAABAABABBAABABABBBBAAAABBBAABBBAAABABAABAA,A
AABABABBAABAABBAAABAABABBAAAABAAAAAAAAAABBABABAABA,A
ABBBBAAAABABABBBBBAABAAABBBABAABABBBBABBAABAABAAAB,A
ABBBAAABAABBAAAABAABAAAABAABBAABBBBBABBABBBBBABAAB,A
BAAABBABBBBBBABBABBBAAABBBBBBABABAAAABBABBBABABAAA,B
ABAABBABAABBABABABBAABBBAABAAAABBABBBBAAAAABBAAABB,A
ABBBABABBBBAAAAABABAAAABBBBABBBBAABABAAABBBBBABBAA,A
ABBABBABBBABABAABBABABBABAABABBBAAABBABAAAAAAAABBB,A
BAABBBBAAABABABBABBBAABABABBBABAAAABBAAAAAAAAAAABA,B
AAAAAAABBAAAAABBABABAABBAABAAAAABAABAAAABBBBAAABAA,A
ABAABABBABABBABAAAAABABAAABBBAABABABBBABBABBBABBBA,A
BBABBABBABABABAABABBBBBBBABAABBABAAAAABAABABAAAAAB,B
ABABBABABABABBBBAABABABABBBBAAABBAAABBBBBAABBABAAB,A
AAAAAABBBAABBAAAAAAABBBAAAABBBBABBAABAAAAAAABBAAAB,A
AABAAABAABAAAABBBBBBBAABBAABBBABAABBABAAABBAABBAAB,A
BBBAAABAABABABBBBABABBAABBABABBBBBBAABABAAAAABBBAA,B
BABAAABBAABABAAABBBAAAABBABAAAAABBABBBBBBBAABBAAAB,B
AAABAAAAAAABBBAAAABBBBBAABBBBBAABBBABBBBBBBBABBBAB,A
BABBBABBABAAABABAAAAABABBBBBBAAABBABAAAABAAAABAAAA,B
AAABBAABABBBAABBAAABABBBBBBAABAAAABBAAAAAABAABBAAB,A
BBBBAAAAABABBAAABAABABABBAABABBBAABABAAAAAAABBAABB,B
AAABBAABABBABAABABBAAABBBABABAABAABBAAABAABBABBAAA,A
AABBABBAABAAAABABBBAAABAAABAABAABAAABBBABABABABBAB,A
AABBBBBAAAABBBBAAAAAAAABAABBBABBAABBAABBBBBABABBBB,A
ABBBBBBAAAAAAABAAABABBABAABABAABABBBBAAABBAAAABBBB,A
BABBABABABBABABBBBBAAAABBABABAAABBBBBBAAAABAABBBAB,B
ABAABABABAAAAABBBABAABABAABBBBBBBABBBAAAAABBBBABBA,A
ABBABBBBBAABBBAAAAAABBBBABBAABBBABABBBBBBBABABAABA,A
BBABBAABBBAABBABAAAAAAAABBBAABBBBAABBBAAAAABBBAABB,B
ABBAAABBABBAAABBBABAAAABBABBBABBBBABBBBBBAAABABABB,A
BBBBBBABBBBBABBABBBBABABAAABABAABABAAAAAAAAABABBBB,B
BBABBBAAABBBABBBAAAAAAABABABAAAAAABABABBABBAAABBBA,B
AABBAAAABBBBBBBBABABAABABABAABBAAABBAAABBBBBAAAAAB,A
ABBBBAAAAAAABBAABAABBBABBAABBBAAAAAABAABAAAAABBBBB,A
BAAABBAAABAABBBBBBABBABBABBAABAAABBABBAABAABBBBBBB,B
ABBBAAAAABBAABBBBBAABBABABBBBBABABABBBAAAABAAABABB,A
ABBABBAABBABABAAABBBBABBBAABABAABABABABABBBBABABAA,A
BAABBBBAAAAAABABBAAAAABBAABABBAAABBABBAABBBBBBABBA,B
BBBBBABBABAABBBBABABBABAABBABBAAABBBAABBBBAABBBABB,B
BBAAAABABABBAABAABABABAAABBAABBBAABAAAABBABAABBBBB,B
BBABAABBAABBBBABABBBABAABBABBBAAABABBABBABABBBAAAB,B
BABBABBBABBAABBAAABAAAABBBBABBABAABABAAAAAAABABAAA,B
BBBABAAAAABABBABBBABABABAABABBABBBBABBBABBBBABABBA,B
AAABBABAAAAABBBBAAABBBBBAAAAAAAAABBAABBABAABBBBBBA,A
BBBAABBBBAAABBBBAABAABABABABAAAABBBBBAABABBBABABBA,B
BABBABBBBBAAAAABABAAAAAAAAAAAAABBAAABBBBBAAAABABAA,B
AAABABBBBBBBAAABBABABAAABAABBBBABABBABABBBAAAAAABA,A
BBBBBBBAABABAAABAAAAABBBAAAAABBAABABAABAAAAABABBBA,B
AAABAABABABBABABABABBBABBAABABABAABAABBBBAABABABBB,A
AAABBAAABAABBBAAAABAAABABBBABAABBABBAABBBAAAABAAAA,A
BBABAAABABBBBABBBBAABBBBABAAAABBAABBABBABBAABBABBA,B
BAAAAAABBABBABABBABAABBBBBBBAAAABABBBABABBAAAAAAAA,B
BAABAAAABBBBBBBBBABBBBBBAABAAABBABBBBBBABBABBABABA,B
ABABABABBBBBBAAABABAABAABABABBBAABBABBABBBABBABABB,A
ABBAAAAABBBBBBABAAABAAABBBBAABBABBBBABBBBAAABAABBB,A
BABBBABBABBABABBAABBABBBABABBAAABBABABAABABAABAABB,B
AAABBABAABAABAAABAAAAABABBAAABABBBBABAABBBAABBAABB,A
ABAABABBAABABBAABABBABBAAAAABAABAAABBABABBAAABABAB,A
ABBBBAAAABBAABBBBAABBAABBAAAAABBBABABABBBABAAABBAA,A
ABABABAABBBBBBABBAAAABBAABBAABABABBBAAAAABAABABBBB,A
ABBBABAAABBABBBBBBBBBBAABBABBBBBBABBBABABAABBAABBB,A
AAABBAAAAAAABAAAAABABBABBAABBBABBBBABABABAABBBABAA,A
BABBBBBBBABBBABBBAAAABBAAABBBABBBBAABAABBABBABAAAA,B
AAAAAABABBBABAABAABABAAAABBBBAABBBAAABABBBAABAABAB,A
BAAABBABBAAAABBAAAAABABBABAABBABBABBBBAAAAABBAAAAA,B
BAAABABABBBAABBBBBAAABABABBBAABABBAAABAAABAAAABBBA,B
AAAAAAAABBBAAABBAABAABBBABBAABABBBABBABBBABAABABBB,A
BBABBBAAAAAABBBBAABABBAAAABBBBBBAAAAABBBABBBBBBAAB,B
AAABBAABAAABAABBBABBBBABBABBBAABBBBAABABBBBBABBAAB,A
BBBBABBAABBABABAAAABABAABBABAABBBBABBAABBABABAAABB,B
BBAAABBABBBAAAABBAABABAAAABABABBBBAAABABBABBAABBAB,B
AAAABAABABAABABABABBBBBBAAAABABBABBAAAAABAAABAABBB,A
ABBABABABBABABAABAABABBAABAABABABBBABBAABBAAABAABB,A
AAAABAABAAAAABBAABAABBABBBABAAAABBABBBABBBABABABAB,A
BBBBBBBAAABABBAAABABBBAABAABBBABAAAAAAABABBBBBAABA,B
AABABBAABABBAAABBAABBABBBBBAAABABBABAABBBABBAABABB,A
ABBAABAAABBAABABAAAAABBABBBABBBBAAAAABAABABBBBABAB,A
AABBBBAAABAAAAABBBAABBAAABBAABBBBABBAAAABABAABAABA,A
BAAABBABABBABABABAAAABABAAABBAAABAAABABABBBBBBABAA,B
BABABBBBAAAAAAAABBBAAABAAAAABBBAABBBAABBAABBABABAA,B
AABBBBBAAABBBBABABBBBBBBABBBAABBBAABBABBAABAAABAAB,A
AAAABBBAAABBBBBAAABBABAAABAAABAAABBAAABAAAABAABABB,A
ABABABBBABAAAABAABAAABBABBBBBABAAAABAAABBAAAABBABA,A
ABABBABBAAABABABBABBAABAAABAAABABABBABBABBBBBBAAAA,A
ABABAAAABABBBBBBBAAABAAABAABABBBBABBABABABBAABBAAA,A
BABBBAAAAABAABABABAABAAAAABAABBBAAAABBABBABABAAABA,B
ABAAABABAAAAAABBBBABBABABBAABBAABBBBBBABAABBBBBABA,A
AABBAABBBBBAABAABABBAABABABBBBBBBBAABBABBABBBBBAAB,A
ABABBBABAAAAAABABAAAABABAABBABBBABABBAABAAABBABABB,A
BBAABBABBBAABBAABABAAAAAABBBAABBBAABAABBBBBABAAAAB,B
ABBABAABABBAAAABAAAAAABAAABAABABAABBAABABABABABBBB,A
AABBABBABABBABABAABBAAABABBAAAABBBBAABBAABBABABBAB,A
ABABBBBABBABABABAABBBBABBAAABBAABBBABAAABABBAAAABB,A
AABAAAAABABBAABBBAABBAAABBABBBABBBBAABABAABAAAABAA,A
BBAABABBBAAAAAABAABAABAABBABBABABAAAABABABABBBBBBB,B
ABBAABBBABBBBAAABABBBABBAABBBBABBAABBBABBAAABBBBAB,A
BAABBABBBBBBAAAABABBBAAAAAAAABAAAAABBABBBBAAABBBAA,B
BBBABBBAAAAAABBABBBABABABBAABAAABAABBBABABABAABAAB,B
BBABBABBABABBBBAABBAAAABAAAABABAABAABABAABBBABBABB,B
BABBAAABBBABBAABBBBAABAAABAABBBBBABBBAABAAAAAAAAAA,B
ABBABBBBABAABAAABAAABABABBBAAABBBBBBBBBBABAAABBBBB,A
BBABBBAAAABBAAABBBBAABBBABABBBBBBBAABABBABAABABBBB,B
AAAABBBBAAABBBAABBBBBBBAAAAABAABAABAAABABBAABBABAB,A
AABAAAAABABBABAAAAABBAABAAABAABABBABABBBBAAABBABBA,A
BBAAAABBBABBAABBBABABABBBBAABABABABABBABBBBBBABAAB,B
ABAAABAABAABAAABBBAABAABBBAAABAAAAAAABABAABAABAAAB,A
BAABABBAABABBAABABABAABBBBABAABBBABAABBABBAAAAAABB,B
BAABBBBBBABAABBAAAAABAABABAAAABAABAABBBABBBAABBBAB,B
BBABBABBBABABAAABBBABBBABABBBABBABAABAABABBABBBBBB,B
AABBAABBAAAAABBBABABABAAAABAABBBBABBABABBABAABAABA,A
ABABABBBBBBABAAAABAAABAABAAAABBBBBBBBABAAAAAAAABAA,A
BBAAAAAABBABBBBAAABBBAAABABBBBBAAAABABBBABAAABBAAB,B
ABABAABBBAABBAABABBBABABAAABABABBABBABBABABBBBAAAA,A
BABBBAAAABAABBABBBBAABBABBAAABBBBBBBABBABBBABAAAAA,B
ABABBBABAABABAAAAAABAABABAABAABAAABBBBAABAABAAABAB,A
BAAAABBBBBABBBBBABBBAAABAAAAAABAABBAAABBABABABBBAB,B
BAAABBBBAABBAAAABBABAABAAABBBAABBBBBAAAAABAABABAAA,B
ABBBAABAAAAAAAAABAABBBBBAAABBABBAABABBABAABABBABBA,A
ABBBBBAAAABBAAABABBAABBABABAAABABAABAABBAABAABABAB,A
AAAAAAAABBBBBBABBABBBAAABBBAABBABBAABABBBAABAABABA,A
BAAABBBBABAABBABBAABAAABBAAABBBAABABABBBABABABBABB,B
BAABAABBBABBAAABBABBABBBABBBBBABABAABBBABBAABBABAA,B
AABABBBABAAAAAAAABAABBAABABAABBBAAAABABBAABAABBAAB,A
BBAABBBABBBABAAAABBABAAABBBBABBABAABBBAAABABAABAAB,B
BAAABBAABABBABBAAAABAABAABBBBBBBABBBABBBBBBBBBAABB,B
AAAABBBABAABBBBAABBBBBAAAABBABABAABAAABAABAAAAABAA,A
BBBBBABBBABBABABBBAAABBAABAAABAAABBBBABBBBAAAAABBB,B
ABBAAAABBABABBBBAAAABBBBBABBBBABBAAAAAAAABAABABBBA,A
BBABAAAABAAABAABABBABAABABAABAABBBBABABAAAABABABBA,B
ABBABAABAAABBBAAABBBBBBBAAAAABBABBBBBAAABBBABAAAAB,A
BAAABAABAABBBBABBAAAAABAABBBBABBBBBAAAAABAABBAAABA,B
BABABAAAABABBBABBAAAABAABBBBABBABAAABBBABBBBABABAB,B
ABBABBBAAABAAAAABAAAABAAAAABABBBAAAAAAABABBAABBAAA,A
AABABBBBBAABBBAAAABBBABABBBBABABABBBBBBBABAAAAABBA,A
ABAAAABBABABABAAAAAAABAABAAABBBAAAABABAABBBAABAAAB,A
AAABBAABBBBBABABAABBAAAABBABBBBBBAABBABABABABAAAAA,A
BAABBBABBABBABAABBBAAABBBBBABABABBBBABAAAAABABBBBB,B
BAAAAABAABABBBABAABABABAAABAAABABBBBABBAAAAAABABBA,B
AABAABAAABBABABABAABAABBBABAAABBBABBABBAABBBBAABBA,A
BABABBBAABBBAAABBABBBBBABAAAAABBAAABAABBAAABBBAAAA,B
BBABABBBBABBABBBBAAABABABABBBAAABBAAAABBBBABBAABAB,B
BBABABAAABBBBAABAAABBBBBABBAABAAABBBAABBABBBBABABB,B
BBBABBBABAABBAAAABABBBAAAABABBAABBBBBBAABBBABBABBA,B
BAAABBAAAAAABBABAABBBBABBBAAAAAABBBABBBBAABAAABABB,B
AABAAABABBAAABABBABABAAAABBBAABBBBAAAABAABBAABBAAA,A
ABBBBABABAAAABABBBABAAAABBBBABABABBABBAAABBABBABAA,A
AABAAAABAABBBABBABBABBAAABBBBBBBABABAABBABAABBBAAB,A
BABAABBBBBBBABBBBAAAABAABAABBABBBABBABABAAABBBBAAB,B
ABBAABAAAABBBAABABABBBBBABBAABBAAAABABBABBABABAABB,A
AABBBABAABBBBBBBAAAAAAABBABAABBBBBAAAABABBBABAAAAB,A
BBAAAABABBBABBAAABABABBAABBAABBAAAABBBBBAAAABBBABA,B
AAABBAAABAABABBBBBABABABAAAABBBABBBBABAABBBAABBAAB,A
ABAABBAABBBBABAABAAABABABABABABABAAAAABBBABAABAAAA,A
ABAABBBBAAABBABABABABBBBABAAABAABBBAABABBABABBAAAB,A
BBBBBAABBBBBABBABABBBBBABAABAABBBBBABABABBABABBAAA,B
AAAAABABBBABBABAABBBABAAAABBAAABBABBBBABBBBAABABBB,A
BABABAABBABAABBBABBBBBBBAABAABBBBABBBBABBBBBBABABB,B
BABABBAAAAAAAAABBABAABABABAAABBABABAABAAABABABBABA,B
AABBABBBBBBBABBAABBABAABBABAAABBAAAAAAAABABABABBBA,A
BBBAAABAAAAAABABBBABAABABBABABABAAAABBBBBBAABBBBAB,B
BAAAABBABABBABABABAABAABAAABBABBABBAAAAABAABBBABAA,B
AABAAAABAAAABAAABBBAABBBBAABBABAABBBBABABBABBAABBB,A
ABAABABAAAABABBBBABBABBBBABBABBABABABABABAAABABAAA,A
ABABABAAAAABBBAAAAAAABBABBABABBBBBBBBABBBABBABBBAA,A
ABAAAAABAABBABBAABABBBABABABABBABBBABAABABAAAABBBA,A
BBABAAAAAAAABABAABBAAAABABBBABABABABBAAAAABAAABABA,B
BBBBABBAABBBBBAAABBAABBBBABBAABBBAABABBBAAABBBABAA,B
AAABBAABBBBBBBBABBAABBBAAAABBBABABAABABBAAABBABABB,A
AAAAAABBAAABABBBBBBBBABBBBBAABBBAABABBABABABBBBABA,A
AABBAAAABBAAABBAAABAABBBBBAAAAABBAAABBBAABAABAABBA,A
BBBABBBBBABABBBBABABAABABBBBAABBAABAAAABAABBAAABAA,B
BAABBABAABAABBABBAAAAAAABBBBABABABBBAABAABABAAABBB,B
BBAAAABBBBABABBAAAABAABBAAABBABABBBABBBBAABBBBBABA,B
ABBBAABBABAAABABAAAABBBBAABABBAABBAABAAABBBABABAAB,A
ABABBBBBAAABBBAABAAABBABBBABBBBABBBAABBAAABBABBAAA,A
AAAABBAAABBAABBABAAABBABAABBAABBBABBBBAAABABABAABA,A
AAABBABAAABABBAAABBBAAABAABAAABBBAABBAABAABAABAAAA,A
AAAAABAABBABAABBAAAAABABBBBBABBABBBBBBAABAAAAABBBA,A
AABBBBBBBBBBBBBABAABAAABABBABBAABAAABBBBAAAAAAABBB,A
ABABBBBABBAABAABBABBABAABAAAABBAAAAABAAAABBABABBBB,A
AABBAAABABAAABBABABABBBBAAAABABBAABAABBBBAAABBBABB,A
BABBBAABAAABAABBAABBBBBABBABAABBBABBBAABABAABAAAAB,B
BBAABABBBBBAABAABBABAABAABBAAABABAABBABAABBABABAAA,B
ABBBAABBBABABBBBBBABBBBABAABABABABBBBBBBAABBBBBBBB,A
BABBAABAAAABAAAABABAABABABABABABBBABBAAABBAAABABAB,B
BABAAAAABBBBABBAABBAABBABABABABABBBABBAAABABAAABAA,B
ABAABABABBBAAABBBBBBABAAABABBAAABBBABBABBAAAABABAB,A
BAAAAAAABBBABBAAABBAAAABBBAAAAAABBABAABBABBBABBBAA,B
AABAABABAABBBABBBBBABAABBBAABABABABAABAAABAABAAAAA,A
BABABBAAAABBBABBBBBAABABABBBBABBABAABBABABABABBBBA,B
BBAAAABABABAAABBBABAAABAAAAAABABABABABABBAABABAABB,B
AAABBBBBAABABBBABBABBABBBBBABAABBBBBBAABBABAABBABA,A
ABBAABBAABABAABBBBBBBBAAABBBBAABAAABAAAABAABBABABB,A
BBAABAAABAABAAABABBAAAAABABBAABBBBBABBBBBABAABAABA,B
ABAABBBABABABBAABBAABBAABBAABBABBABAAAABABBAABBBAB,A
BAABBBAABABBABBBABAAAAAAAABBABAABBBBBBAAABABABAABB,B
BAABBABBBABBABABABBBAAAABBABBBBBBBAAABABAAABBABBAB,B
BBAABAAABBABBBBAAAABBBBBBABABBBABBBBBAAABBBBBBBBBA,B
BABBBBAABBABBAAABBBBBAABBBABBAABABBAAAABABBAAABABB,B
BBBBAABBBBABABABBABABBBBABABBAABABBBBBAAAAABAAAABB,B
ABAAAAAABBBBBBBAABAAAABBBBBBAABABABABBBBBBAAAABBBA,A
BBBABABABABAABBBAAABABBAABABABBBBABBABAAABABABAABB,B
BBAABABABABBABABBBBBBABABBABBAABABABAABABBAABBBAAA,B
BBAABBAABABAAABBAAAAABBAAAAAAAAAAABBBBABBAAABBBABB,B
BBBABAABBABBBBAAABAAAAAABBABABBBBAAAABBABABBAAAAAA,B
ABBABABAAABBBAABBBAAABBBBABBBABAAABBABAABABBBBABBB,A
BAAABAAABAAAABBBABBBAABBBAAABBBBBBBBABBBAABAAAAABB,B
AABABBABBBAAABABBBBBAAAAABABABABBBABBAABBBBABBBABA,A
BABBBBABAABABBBBAABAABABAABABAABBBABABBABBAAABBAAA,B
ABAAABAABAAABBAAABAAAABABBABBBBBAABAAABBBBBABBBBAB,A
BAABAAABAABBBABAAAABBABBABBAABBBBAAABAAABABBBAAABA,B
ABAABBAAAABBABBAAAAABAABBAAABAAAAABABBABABAAAABABB,A
AABBABABAAABABBABBBBAABAABBBBABABBAAABABBABBBBBBBA,A
ABBBBABAABABABAAAAAAAABAABBAAABBBABAABAABBABABAABB,A
AABBBABBBAAAAAAAABBAABBBBAABABBAABABBAABAAABAAABAB,A
ABBAABABABBBABBBAABBABBBABBBBBABBBABBAAABBABABAABA,A
ABAABBABAAABAAAAAABBAAAABAAABABBBBABABBBAAABABBABB,A
BBBAABAABAAAAABABAABAABBBBBBABAAAAAAABABBABBABAAAB,B
ABBABAAAABABABBABABAAAAAAABBABBBBAAAAABBAABBBAABBB,A
AABAAABBAABAAAABABBAAAABAAAAAABABABBBAAABBAABBABAA,A
ABAABAAABBBAABAABBBAAABBBBAABABBBBABBBBBABBAABABAB,A
ABAAABABBABAABBBBAABAABBBABAAABABBBBBABBABBABAAAAB,A
ABAAAABBBABBAAABBBBABBABABABBAAAAABBBBAABAABABBABA,A
AABAABAABBBBABBBBBABBAAAAAAAABAAAAAAABBAAAAABBABAA,A
AABBBAAAABABBABAABAAAAAAABABAABBABABABAABBBBAABABB,A
AAAABBAAABBAAAABAAABBABAAAAABBBBBAAABBABAABBBBBBBA,A
ABBABAAABAABBBABAABBBAAABAABABABBBAAAAABAAABAAAABA,A
AAABABAAAABABBBBBBBABAABAABBBBBABAAABABBBBBBAAAAAA,A
BBABBBABAABBABAABABABBBBABBAABBAABAABBBABBAABBBABB,B
BABBBAABBABBABBBAABAAAABAAAABABBAAABABBBABBBBAAABA,B
AABBBBABABAAAAAAABAAABABBBABBABBBBABABBBBBAABBAABB,A
ABBBBBBBBABBBBBAAAAABABAAAABAAAAABBAABBAABBAAABAAB,A
BBAABBBABBBAAAABBBABBBBABABABBAABBAAAAAABBBBBBBBBB,B
AABABBBABABBBAABABABABBABABABAAAABBABBBBBBAABBBBAA,A
BBABABBABBAAAABBAAABBBBAAAAAAAAAABBABBABBABABBABBA,B
ABBBBBBBBBBBBBBABABAAABAABBBAAAAAABABBBBBBABAAAAAB,A
ABBAABABABBABBABBBBAAABBBABABBBBAAAABBBAAAAABAAABB,A
BBBBBBBBBBBBAAAAABABABBBBAAABAABBAAAABBBBAAABBABAB,B
AAAABBBBAAAABAABAAABBBABAABABBAABBABBABABAABBBBBBB,A
AABABBABBBBBBABAAABBBBAAABBABAABABBAABAABBBABAABBA,A
BBAABBABBAABBAABBBBABBBBABAAAABBAAAAAAAAAAAAAAABAA,B
AAAAABBBBABABBABBABABAAABBAAABBBBABABBAAAABBBAAABB,A
AABABABBAABBBBBAAABAABAAAABBBBAABABBBAABBBAABAABBA,A
BBBAAAAABBBABBBBABABBBAAAAABBBABABAABABBBAAABBBBBA,B
AABAABBBBAAAAABABAAABABBBABAABAAAABBABAABBBBBBAABB,A
BBAAABBABBBABABBAAABBBBAABABBABBBABBABBBBBBBAABABA,B
AABABBABBABBABBBBBABAABAABABABABBBABAABBABABBBAAAB,A
BBABBABBAAABABAAAABABABBBBBBBAAAAABAAABBBBAAABBBBA,B
BBAABAABBBBBAABBBBBAABBABBABAAAAAABBBBBBAABBBBAAAA,B
ABAAAABABBABBBBBABABBBABBAAAAAAAABBBABBBABBBABAAAB,A
ABAAABBBBABBBAABABABBBABAAAAAABBAABBBABBAABBABBAAA,A
BAABAABABBBBABBAAAABBABAABBABAAAABBBBABAAAABBBBAAB,B
BAAAABABBAABAAABBABBABABABBBBBABBBBBBBAAAABBBBBABA,B
AABBBABBBAABBABABABBAABABBBBABABABAABBAABBBBABBBAA,A
ABBBBBAABABBBBBBBAABABABBBBBBABBABAAABBBBAAABABBAA,A
AABABAAABAAAAAAAABABABABBAABBBBABABBBBABABBBBBBBBB,A
BAABABBBABABBBABABAAAAAAABAABBBAAAAABAABBBABABBBBA,B
BBAABAABABAAAAAABBBABAAABAAABBAABAAAABABAAAABABBBB,B
ABBBAABBBABABBAABABBBBABBBBBABBBBBBAABAAAABAABAAAB,A
BAAAAAABBABBBABABBABAABBABBABABABAABABABAABAABBABB,B
ABABAABAABABBBBBBAABBBBABBABBAABAAAAAAAAAAABABBABB,A
ABBABBAAABBBBABABBABBBBBAAAABBBABAAAABBABBABBAAAAA,A
ABAAABAAAABAAABBAAABBBAAAAAABBABBAABBBAABBABAABBAB,A
BBBABABAAABAAABABBBAAAAAABABBABAAAABABBBBBBAAAABBB,B
AAAAAABAAAABABABBABBBBBBABABBBBAABBBBBAAAAAABABBAB,A
AABBBAAAABBBABABABBABAAAAAAABAABABBBAABAABBBABABBA,A
AABAABAAAABBAABAABBBAABBBABBBBBBABBBABAABBAAAAAABB,A
AAAABBAABBAABAAABABABBAABBBBAAABAAAAAABBAABAABBAAB,A
BBAABAABBAAABAAAAABBBBBAABBBBBAABABBBBBAABBBABBAAB,B
BAAAABBBBAAAAABBBBAAABBBBBABBBBBAAAAABABBAABAABBAB,B
ABAAABBABABBABABAAAABABBAAAAABBBBABABBAABAABABAABA,A
BABAAAABBAAABABBAABBABABBBBAABAABAABAAAAABBBBAABBA,B
BBABBABABBBBAABBAABAAAAAABABAABABBBAABAABBBAABAABB,B
AABAABBBAAABABBABBBBAAABABBBAAABABBAAAABBAAABBBABB,A
BBAAAAABABAAAABBBAAAAAAAAAAABBBABABABABABAABAAABBB,B
BBABAAABBBABBAAAABAABBBBABBBBABABABBBBABBBBBBAABAB,B
AAAAABBABAAABBBBBAABABBABABAAAAAAABAABBBBABAABABAA,A
ABBABBABABABBBBBABBAAABBAABBBABABBAABBBBABBABABABA,A
BBBAABABABBABBBABABBBAABABBBABABBBBAAAABAAAABAAABA,B
AABBAABABBAABBABAAAAAABAABBABABAAAAABBAABAABAAAABB,A
AAAAABBBBBABBBBAAABBBBBAABBBBBABABBABBAABBABAABBAA,A
BBABBBABAAABBBBBBABBBBABBABBABBBBAAABBAAAAABBABAAA,B
AABBBAAABABABAAABBABABBAABBBBBBBAABAABAAABBBBABABB,A
BABBBABBABBBABBABBBBABBBBABABAAABBAABBBABBBABAAABA,B
AAAAAABAABAAABAAABABBAABBBABABAAAAABABAABBAAAABBBB,A
ABBAAAABBBBBBABABBBBAABABBAAAAABBAABBABAABABAAAABB,A
ABABBBAAABBBBBBBBBBAAAABBBABAABBBABABBABBAAABBAAAB,A
BABABBAAABABBBABAAABABAABBABABABBABBAABBABBABABBBB,B
AABBAABAAAABBABBAABAAAAAAAABBBABABBAAAAAAABBBABBBA,A
BBAABABBBBBABBBABBBBBBBABBBAAAAAABAABAABBBAABBBBBB,B
AAABABBBABBBBABABAAABAAABABBBABABABAAAAAABABBBABAA,A
BBAABBAABAABABBBABBAABBBBAABABBABBBAAABBAABBBBABAB,B
BAAAAAAABAABBABABBAAABABAAAAAAABABABBBABBBBABBABAB,B
BBBAAAABBABABAABAAABAAAABBBBBBAAABBBBAABBBBABABABB,B
ABBAAAAAABAAAAAAAABBBBBBAAABBAABBBBBAABBBBBBAABBBA,A
AABBBABABBBAABABBABAABAAAABBABAABABAAABBAABBBAAAAB,A
BABABBBAAAABBAABABBBBAAAABAABBBABABABBBAABBABABBAA,B
ABAABBBABBBABAABBAABAAABABAABABAAAAAAABABAAABBAAAB,A
ABABAABBBBBABABAABBBAABBAABAAAABBABBABBAAABAAABABB,A
ABBBBBAABBBBABAABBABBABABAAAABBBABAABBAAABBBBBAAAA,A
ABBAABBABABAAAAAAAABAAABAABBABBABAAAABAABBAAABBABA,A
ABBABABABAABAABBAABBAABBBBAAAAAAAABAAABBABBBABBBBB,A
ABAABBBABAAAABBABBBABBBAABBBBBABABBBABBBABBAAAAAAB,A
ABAAAAAAAABBBAAAABABBBBBBBBABAAABBBBBBBABBBBAAAAAB,A
AABAABBBABBAABAABABAAAABABABBABBAABBBAAAAAAAABABBB,A
AABABABAAABBABBBBABBBBABBABBBABABBBBABBAABBAABBBAB,A
ABBBABAABABBAABBAABBBBABABABABBAAAAAABABABABBAAABB,A
BBABAAAAAABBBAAAABBABBABAABBBABABAAABABBABAAABBABA,B
BBBAAAABABBABAAABBBABBAABBABABAABBABABBBAABABAAAAA,B
ABAABAABBBABABBAABAABAABABBBBABBBBABBABBAABABAABAB,A
AAABBBBAAAABBAAAAABABBBBAABABBBABBBBBABABABBAABAAA,A
BBAAAAABBABABBAABBBABAAAAABABABABBABABBAABAAABBBBB,B
ABBBAABAABAAABABBBAABBAAAAABABABBAABAABAAAABAAAAAA,A
BAAAAABAAABABAAAAAAAAAAABBBBABAAABAAABAAABBABBBBBB,B
BABBBBAABAAABABBBBABBBAABAABBABBBBABABBBABBBBBABAB,B
ABABBAAABBBAABABBAAABBBBBAAAAAABBABABBABABBABABBAA,A
BBABAABABABBBAAABABBAABAAAABBBBBBBAABBABBBAAABABBB,B
BBABAABAAAAAABBABABBABBBAABBBAAAABABBAAABBBBAABABA,B
BABBAAABBAAAAAABABAAABABAABBAABBBBABBABABAAABBBBBB,B
AABAAAABBBAABAABBAABAAABABABABBAABABABABBAAABABBBA,A
AAAABABBAABABAABBABABBAAAABABAABBBABABBAAAAAAAABAA,A
BABBABAAAAAABBBAABABABBBBBAABBAABABBBAABABABBABBAB,B
AAAABBAABABABAAABABBABBABBBABAABAABABBBBABAABBBABA,A
AAABABAABABBAABAAAAAABAABBBBBABAAABAABABABBABABAAB,A
ABBBABBABBAABBAAAABBBBBAAABBABBABBAABAABAAABABBBBB,A
AABBABAABBBBABABBBBBAABABABBABABAAABAABABBABBBBBBA,A
BAAAABBBBBBAAAABABABBABAABAAABAAABABAAAABABABBABAA,B
ABAABBBAABBBBBBABAABAABAABBBAAAAAAABBABABBAAABAABA,A
AABAAAABBABAAAABAAAAAABBBBAAAABBABAABBAABBBBBBBBAB,A
AABBBBAABABAAAAABABABABABAAAABBABAABAAABAABBAAABAA,A
BBBABBAAAABBABBABBAABAABBBBAABABABAAABBABAABBABBBB,B
ABBBBBABAAAAAAAABBAABAABABABAAAABBBBABABBABBBBBABB,A
ABABABABABBAABBABAABAABBBBBABABBBBBBAAABABBBBBBAAB,A
BAABBAABBABABBBBABAABBABAAAABAAAAABBBAAAAAABAAAAAB,B
BAABBBBBABBBAABBBABAAAABBBBAAAAAAAABBBABBABAABBBBB,B
ABABABBBBBBBBBAAABAABABBAAABBBBAABABBAABAABAAAAABB,A
BBAABBBAAAABBAAABAAABBABBAABBBBBBBABAABBABABBAAAAB,B
ABBABBAAABABBBBBBBBAABAAABBBBAAAAAABABAAABABBAABAA,A
BBBABABBBAAABBBBBBABABBBBBBAABBBBBAAAABABAAAABAABB,B
AABAAAAABAABABABBABAABAAABBBABABAABABAABAAABBBABAA,A
BABBBAABABBBAABAAABABBBBBBAAABABBBBBBBAAAAAABAAAAA,B
BAAAAAAAAABBBABBABBBABAABAAAABAAAAABABABAAABAAAAAA,B
BBBBABBABABBAAAAABBAAAAABBBBABBBBAAABBAAABAAABAAAB,B
BBABBAABBABAABBAAAABBBBAAAABABAAAAAABABBBBBABABBBA,B
BABBBABAABBBBBBAAABABBAABABBAAABBBAABBBBABBBBBBBBB,B
AABBABAABBABAABABAABBAAAAAABAABAABAABBBBAABBBBABAB,A
BBAABABBAAABBAABAAABABABBABBBBBBAAAAAABABABABABBAB,B
ABAAAABABBBABAAABBBBABAAAAAABABABABBABAABBABBBBBBB,A
AABABABABABBAABAABABBAABAAAAABAABABBBBAAAAABBBBAAA,A
BBAAABBAABABAABBBAAAABBBAAAAAABBBAAAABBABABABBBBBB,B
AABABAABBAABBAAAAABBBBABBABBAAABAAAAAABBAAABBBABAA,A
BAABBBBAABABBBBBABABAAABABBBAABBBBBABABABBABABBABA,B
AAAABBABABBBBAABBBBABAAAAAABBBABBBABABBBABBBBAABAB,A
ABBABBBABABAAAABBABBBABABABABBBABBABBBBBAAABAABABA,A
BAAABAABBBBAAABBBBAABAAABBABBBABABBBABBBBBABABABBA,B
BBBABABAABBAAAAAABABBBABABBBABABBAABBABABAAAAABAAA,B
BAAAABAAAABBABBBABBAABBABABAABABAAAAAAAAABBBAAABAA,B
BBBAAAAAABAAAABBBBBBAABBBBAABABAABBBBBAAAAABABBABA,B
ABBAAABABAAABAABABABBBBBBABABBABBBBBBAABABAAABBBBB,A
ABAABBAAAAAAABBBBAAAAABBBBABBBBABAAAABBABBABABABBB,A
BAAAABABBBAABBABABAABBBBAABABAABABAAAABBBAAAAABABA,B
BABBAAAAABBABAAABBBABABBBAABABAAABAAAAAABABAAABABB,B
AABBAABBBABABABAAABBAAAABBABABABAABBBBBABBAAAAABBA,A
BAAABBAAABBABBABABBBBBBBAAAABBABAAABBAABBBBBABBBAA,B
AAABBBABBABABBAABABABBAAABAABBBBAAAABBABBBAAAABAAA,A
AABBBABAAABBABAAAABBABBBBABABAAABBABBBAAABAABAABBB,A
ABAAABAABBAAAABBAAABBABBBBABBABBBAABBBABAAAAAAAAAB,A
AAAABBABAABBBAABAABBAAAAABAAAABBABAABBABBABABBAABB,A
BBBBABABBBAAABABABAABABAAABBABBAABAAABBABABAAABBAB,B
BBABBBBBBBABBBAAAABABABBABAAABABBABBBBBBAABBABAAAB,B
BABBAABBBAABBBBABABAABBAAABBABBBBBBBBABAABABBAABBA,B
AABABAABABBBAABBBABAABBAAABBAAABABBBBAAABBBBAABAAA,A
BABBAAABAAABABAABAAAAAABAABBAABABBABABBABBABAAAABA,B
BBBABBAABBBABBBBBAABABAAABABBBAABAABABBBABBBBABBBA,B
ABBBBAABBAAABBBABAABBBABABBBBBBAAABABAABABAAABBBAA,A
ABABBBBAABAABABABBAAABAABBABAAAAAABAABBAAAAAAABABA,A
BABBABBAABBBABBAAAAAAAAABABBAABABAABBBBBABAABABAAA,B
AABBAABABBBABABBABABAABBABAABABBAAABAABABAABAAAABB,A
AABABBAABBBAAAAAAAAABAABAAAAAAABAAAABBBBBAAABAAABA,A
BABBABBABBABBBBABAAABABAABBAAABBABAAABBAABAAAABBAB,B
ABABBABBAABAAAAAAABABBAABABAAAAAAABBABBABAAABBAAAB,A
ABABABBBABAAAAAABBAAABAAABBBBAABBBAABBAAABBAAAAAAA,A
AAABAABBABABBABABBBBBBBBBBABBBABAAABBBBBABBAAAAAAA,A
BBBABBABABBBBABBABBBABBAABBBBBABBBBABABBBABABBAAAA,B
ABBAABAAAABAABBBBAABBAAAAABABAABBABAABABBBBBAABBAB,A
AABBBABAABBAAABBBABAAAABBABBAAABBAAABBAAAABBAAABBA,A
BBBBABABBBBBBBABABBBABBABAAAAABABBAABAABBAAABABBAA,B
ABABBBABBAABABBBBABBBBABBABBABBAAABABBBAAABAABABBA,A
AABAAAAAABAAABAAAABBBBBAAAABBBAAAABABAAABBAABABBBB,A
ABABAABAAAAAABBAABAABAAAABBABABAAAABABABBABAAABBBA,A
ABAAABAABABBBAAABAABBABBABBAAABBBBAAABAABABBBBBBAB,A
ABBBBBBBBBBBBAAABAAABBAAABBAAAAABABBBBAABBAABAAABB,A
BBAAABBBBBBAABABAABBBAABAAABABBBBAAAAABBBBBBBABBAA,B
ABBBAABBBBBAABABBABAAABBAAABBBAAAAABBAABBBABBBBAAA,A
AABBBBAAABBAABBAABAAAABAABBABBBBABAAAABBABAAABABBB,A
BABAABAABBBAAABBAAABABABAABBABABBBBAAABABBAAABBBBA,B
BAAAABBAAABBAABAABAABAABABAABABBABBABABBABAAAABBAA,B
BBABAAABABABBAABABAABBAAAAAAAAABAABBBAABABBAABABBA,B
BABABAABAAABBBBBBBABBABABABAAAAAABAABBBAAABABAABBA,B
BABBBABBABAABABBAABAAAAAABBABAAAABAABAAABAAABBBAAA,B
AABABBBBAABBBAABBABBBBABBABBBAAAAABAAAAABAAABAAABA,A
BBAAABABAABBAABABAAAABBBBABBABABBAAABAABABABAAABBB,B
BAABAAAAABABBABBBBAABBBAABBBBABAAABBBAAABBABABBABB,B
ABBBBBABBBAAAABAABAABAABBBAAABABAAAAABBBAABAABAAAA,A
