message,label
is is love claim thanks we win night prize time tomorrow,ham
click urgent urgent can now limited discount buy,spam
game time mom today please win is time,ham
dinner can game your can the love,ham
love now your today we dinner,ham
your thanks tomorrow work good buy cash,ham
thanks home ok mom call ok tomorrow now lunch dinner,ham
link link winner can claim reply deal your,spam
deal discount urgent the urgent deal discount,spam
movie good love meeting mom cash now movie,ham
you discount your prize reply we cash winner,spam
home at good mom you love can night discount,ham
movie meeting lunch the lunch we,ham
please reply see night is home prize can lunch please,ham
free call game work you please game meeting time,ham
today dinner the dinner today lunch work,ham
game work today call ok is,ham
free urgent free meeting can can urgent love winner prize win deal,spam
dinner lunch at night tomorrow your,ham
link buy free cash discount reply we prize dinner buy urgent please,spam
deal now today free discount time,spam
now win deal win deal deal free the click,spam
win limited claim prize discount we deal please cash link,spam
home mom time we dinner the dinner please,ham
today time at now home good dinner work link we tomorrow,ham
is claim now thanks love lunch please cash you dinner love game,ham
call work today love at is thanks,ham
mom the click deal limited can,spam
home mom movie can good work limited deal,ham
click discount you prize can win see at home dinner please deal,spam
win ok please love tomorrow today your the see is winner dinner,ham
movie you movie prize the prize,ham
time discount call buy win your link urgent claim cash you,spam
your cash today at reply link link,spam
ok your lunch we work movie tomorrow movie lunch love is,ham
meeting see ok we we lunch cash night thanks lunch work,ham
love you dinner ok game we can can time mom tomorrow,ham
work lunch work lunch dinner lunch see,ham
movie see see lunch time home can night please now,ham
at offer we discount offer at cash is ok,spam
winner claim thanks your can claim can tomorrow,spam
we see tomorrow you we the movie at please work lunch movie,ham
love night lunch home meeting night mom you love can thanks,ham
free you dinner tomorrow see work ok movie call you home dinner,ham
your movie call you is your lunch meeting at,ham
deal urgent good click offer today offer tomorrow,spam
win you claim claim winner discount good,spam
please home thanks dinner work thanks is,ham
game please ok your meeting meeting see your,ham
discount at your thanks ok at meeting,ham
buy reply limited buy time limited cash good,spam
click good time work we meeting link at work good,spam
you urgent prize work reply your you,spam
we winner is click limited today claim at prize we win deal,spam
the please winner cash we win is prize,spam
discount now dinner can game good now good,ham
prize win please reply today limited urgent prize discount you,spam
good we the home urgent night deal please,spam
limited limited movie can limited win win free game,spam
work can you win buy link,spam
good you discount the thanks is love please call work,ham
game home meeting buy we meeting love we,ham
call we love game tomorrow work work tomorrow we ok,ham
good offer win we offer reply discount lunch prize is,spam
winner now free link offer call reply time,spam
good love now your can dinner discount dinner love free lunch,ham
thanks ok your movie see see dinner work dinner work can,ham
now claim winner your cash is limited,spam
good good click limited time we cash you buy at,spam
ok game thanks now night is please buy love game,ham
discount today time ok movie you cash thanks call,ham
can tomorrow see good lunch night work ok mom,ham
prize thanks love claim we movie now,ham
movie the at please mom game dinner time,ham
your we please call good is ok,ham
at urgent deal urgent ok prize,spam
click win prize at can deal your please thanks,spam
now the home lunch night game reply game game night,ham
the see night meeting night thanks mom,ham
claim link deal click you winner we offer win,spam
today good limited time see now movie free buy you limited buy,spam
good good winner today urgent deal,spam
tomorrow now please lunch movie winner lunch home,ham
time time please you winner good the today prize movie at,spam
time discount today dinner your night is dinner can movie call,ham
home meeting buy mom ok see thanks time,ham
mom can at mom now call tomorrow we dinner home ok,ham
is prize we discount meeting claim cash,spam
buy please you buy your we dinner claim today limited,spam
home prize movie can ok tomorrow deal time see home cash time,ham
call tomorrow work can your prize call please,ham
night tomorrow night dinner at we thanks love home love,ham
prize dinner love can we reply mom good work,ham
time night now movie meeting lunch,ham
discount please click good work deal can love,spam
deal discount discount dinner claim dinner free is link limited,spam
we deal link limited offer offer today offer link please,spam
discount you the discount please tomorrow,spam
meeting ok reply ok buy at,spam
meeting your mom meeting at call,ham
link your your we click link,spam
thanks time ok we is can,ham
your claim link free please work,spam
we call ok tomorrow game call ok you ok at see,ham
reply buy can discount is good please claim,spam
today call free your at please good call movie meeting call call,ham
work love at dinner meeting meeting the love home,ham
today night lunch work mom please game now mom home meeting,ham
the home buy at deal discount,spam
buy meeting movie deal your the we meeting,ham
now prize good cash today night you lunch thanks see,ham
now claim lunch mom reply link is cash is,spam
game you now is work today is is work good,ham
home night please ok can love good meeting home lunch movie dinner,ham
at lunch is we please ok your home now you your good,ham
good reply offer free deal is limited claim deal your now the,spam
ok ok tomorrow the love meeting the reply call movie home,ham
can ok today at home we now now,ham
dinner at tomorrow now winner good you call now we,ham
your dinner meeting can your thanks ok meeting dinner you thanks love,ham
your urgent movie meeting now good you time today mom call good,ham
call your movie meeting ok movie,ham
at lunch click urgent you can buy cash prize you,spam
limited free click buy dinner can buy discount,spam
winner urgent buy click limited deal cash now prize limited,spam
good home work can game meeting,ham
can movie cash prize your game,ham
your see see is night movie,ham
tomorrow please the love night dinner your work meeting meeting meeting see,ham
your is offer reply win win limited click movie limited,spam
home your meeting work we game game lunch,ham
your lunch love dinner work good call at time,ham
cash urgent reply click win night free claim winner reply deal,spam
work good ok free mom link lunch your night tomorrow time mom,ham
tomorrow deal win winner now you urgent winner,spam
is deal click discount is winner,spam
reply reply time your reply can,spam
at call home love movie we game home lunch,ham
good dinner dinner meeting night game work,ham
see your home click limited work home can is mom ok,ham
good buy dinner the free winner,spam
movie love love game thanks good work is lunch,ham
prize offer buy time cash can discount,spam
see now call is dinner you call we game is home call,ham
call work good can at thanks click,ham
buy work deal see we thanks,ham
love good today time love game call call night meeting now now,ham
call the night love now the,ham
movie your we your home call we we please movie,ham
time limited winner now claim discount see,spam
offer offer link discount at is claim buy urgent link,spam
tomorrow lunch meeting see today game meeting ok love now,ham
offer ok good the see today good night see,ham
prize is your winner now is,ham
urgent we can reply now reply buy we winner prize you discount,spam
call see love good winner time tomorrow work see love dinner is,ham
your reply offer good now claim reply,spam
lunch your movie meeting good love please at work your can today,ham
cash time cash night offer the now,spam
time offer win work you tomorrow movie offer,ham
tomorrow work the lunch movie movie we lunch you movie,ham
win click thanks your urgent the call time buy buy limited,spam
home night you work at see claim,ham
call today the you good win good your please,ham
your thanks movie movie thanks now work mom,ham
discount good meeting please work ok can now good now we see,ham
ok your dinner mom dinner we game tomorrow movie thanks,ham
win tomorrow time thanks ok work see free time,ham
today can time mom tomorrow you thanks good good night tomorrow time,ham
dinner ok home night call today love,ham
deal home call night link the game tomorrow home,ham
game your movie now today is love good is see call,ham
please call movie can cash free lunch home night,ham
tomorrow movie cash win can lunch today,spam
game at you the is game meeting can work buy your,ham
mom you offer your reply cash now now offer,spam
today today is time your claim cash you your your good,spam
we prize thanks time game good deal winner the your claim,spam
at you deal good we you offer win,spam
meeting lunch see dinner night night mom,ham
can lunch ok ok can is is win movie,ham
ok game dinner the click your,ham
today your can work work mom today see lunch game lunch,ham
movie lunch meeting you lunch see cash movie cash,ham
movie discount click the cash please see buy work can good free,spam
today game good now today ok lunch game,ham
movie at call at see now offer meeting good good we,ham
good see tomorrow game please lunch the lunch,ham
good see call night discount ok thanks home the please,ham
ok prize home meeting time good you tomorrow dinner today,ham
lunch tomorrow tomorrow at urgent lunch reply the work,ham
movie we we call see meeting tomorrow at is good today is,ham
now today call home now your lunch today time movie tomorrow lunch,ham
the meeting limited limited click claim reply time discount prize call,spam
now is ok can urgent home is,ham
tomorrow can ok meeting today you lunch dinner we the,ham
limited cash urgent claim we ok the time deal click buy the,spam
your tomorrow cash today link urgent,spam
limited game thanks game you cash see your meeting your now,ham
home urgent deal cash limited click,spam
meeting mom dinner free ok cash at,ham
call today tomorrow lunch the click ok game,ham
tomorrow please please tomorrow the thanks your now game dinner love,ham
see see time link today at,ham
discount lunch claim buy today at winner winner thanks is,spam
work buy good work claim movie mom love call now buy night,ham
lunch is today movie today work,ham
today is thanks call meeting you mom,ham
at dinner urgent call dinner game thanks night mom we,ham
call discount movie dinner meeting prize at you movie thanks call good,ham
night lunch home now lunch please game please see cash,ham
please today please reply meeting limited offer we cash winner deal,spam
love see thanks work mom meeting now night work movie love,ham
deal is call is buy discount free please now,spam
movie work lunch we we at meeting mom meeting ok meeting,ham
is tomorrow night at we ok now winner night at,ham
today time movie call night lunch mom mom night mom,ham
see call call meeting at work call time meeting,ham
see your your mom can ok ok is love see,ham
prize now buy urgent free free,spam
meeting we mom your discount now limited mom,ham
discount reply good at free prize you today,spam
reply now cash tomorrow buy can reply free link good free is,spam
now discount call please work work now prize,ham
please love night thanks meeting buy mom can game,ham
meeting prize call movie game prize work game mom,ham
home we lunch thanks your please you dinner time your time,ham
deal deal limited discount discount discount limited please discount please at,spam
urgent discount your game reply offer,spam
work work reply movie you game,ham
game link tomorrow is today dinner today,ham
you urgent buy click link limited,spam
dinner reply dinner lunch urgent now deal your at good game,spam
lunch limited mom home dinner call good work movie your,ham
meeting deal now call movie now meeting see movie home night lunch,ham
time meeting now today can link at you can,ham
dinner call winner tomorrow home work see the,ham
love can mom can good please good,ham
claim limited good claim is discount click free,spam
mom please your prize limited link buy,spam
reply buy offer tomorrow link link today,spam
limited call please game the game the at,ham
game now thanks is we see you,ham
free at reply your the free win is can deal click,spam
at discount lunch call ok we game meeting at your,ham
see work buy today night your night your,ham
we now movie mom please at tomorrow love win lunch,ham
time meeting movie the ok today you movie lunch lunch,ham
click your home good win love discount,spam
ok dinner call can is meeting good,ham
